Ano;Nr.;Data de saída;Data de chegada;Dias em missão;Tipo de missão;Meio de transporte;Área;Local;parceiro_1;parceiro_2;parceiro_3;Coordenador;Líder da equipe de saúde;Atendimentos médicos;Crianças (med);Adolescentes (med);Adultos (med);Atendimentos odontológicos;Crianças (odonto);Adolescentes (odonto);Adultos (odonto);Procedimentos odonto;Kits odonto;Atendimentos de enfermagem;Crianças (enf);Adolescentes (enf);Adultos(enf);Procedimentos de enfermagem;Consultas de enfermagem;Atendimentos fisioterapia;Atendimentos psicologia;Atendimentos dermatologia;Atendimento fonoaudiologia;Atendimento nutricionista;Atividades evangelísticas;Evangelismo/Palestra infantil;Palestra/Reunião de mulheres;Ministério/Palestra Adolesc;Palestra/Reunião de homens;Bíblias;Evangelismo nas casas;Cultos/Devocional;Decisão por Cristo;Ceia do Senhor;Batismo;Atividades de saúde;Aerosolterapia;Aplicação de Fluor;Curativos;Encaminh. p/Unidade Hospitalar;Entrega de medicamentos;Escovas e cremes dentais;Exame de hemoglobina glicada;Exame de sífilis;Exame de urina;Exame de hanseníase;Hemograma simples MTX;Inalação;Internação Emergência/Urgência;Kit de higiene;Lavagem Nasal com Procedimento;Lavagem de ouvido;Manutenção de Prótese;Medicação EV/IM;Medicação Ocular;Medicação Oral;Medicação Tópica;Paciente em Observação;Palestra de higiene bucal;Pequenas Cirurgias;Prenatal;Prótese;Retirada de gesso;Teste AIDS;Teste de Covid-19;Teste de glicemia;Teste de gravidez;Teste Doppler;Ultrassonografia;Vacinas;Visitas domiciliares;Outras atividades;Aconselhamento;Brinquedos doados para crianças;Cestas basicas;Corte de cabelo;Curso de Empreendedorismo;Doação de gerador;Doação de óculos;Kit de lanche;Kit para crianças/escolar;Kit para mulheres;Kit para homens;Lembranças;Orientação Jurídica;Orientação/ Assistente Social;Pintura de casas;Poços;Produtos de cabelo;Sacolas de roupas;Treinamento de liderança local;Curso de Gestão Financeira;;;;;;;;;;;;;;;;;;;;;;;;;;;;;;;;;;;;;;;;;;;;;;;;;;;;;;;;;;;;;;;;;;;;;;;;;;;;;;;
2018;2018-01;03/01/2018;11/01/2018;8;Viagem de barco;Barco Linda e Esperança;Rio Negro;;Amazon Outreach;;;;;355;0;0;0;73;0;0;0;401;0;0;0;0;0;0;0;0;0;0;0;0;0;0;0;0;198;0;0;0;0;0;0;0;0;0;0;0;0;0;0;0;0;0;0;0;0;0;0;0;0;0;0;0;0;0;0;0;0;0;0;0;0;0;0;0;0;0;0;0;0;0;0;0;0;0;0;0;0;0;0;0;0;0;0;0;0;0;0;0;;;;;;;;;;;;;;;;;;;;;;;;;;;;;;;;;;;;;;;;;;;;;;;;;;;;;;;;;;;;;;;;;;;;;;;;;;;;;;;
2018;2018-02;21/01/2018;27/01/2018;6;Viagem de barco;Barco JJ Mesquita;Baixo Amazonas;;;;;;;273;0;0;0;42;0;0;0;521;60;0;0;0;0;0;0;0;0;0;0;0;0;0;0;0;196;0;0;0;0;0;0;0;0;0;0;0;0;0;0;0;0;0;0;0;0;0;0;0;0;0;0;0;0;0;0;0;0;0;0;0;0;0;0;0;0;0;0;0;0;0;0;0;0;0;0;0;0;0;0;0;0;0;0;0;0;0;0;0;;;;;;;;;;;;;;;;;;;;;;;;;;;;;;;;;;;;;;;;;;;;;;;;;;;;;;;;;;;;;;;;;;;;;;;;;;;;;;;
2018;2018-03;28/01/2018;03/02/2018;6;Viagem de barco;Barco JJ Mesquita;Rio Solimões;;;;;;;291;0;0;0;65;0;0;0;357;149;0;0;0;0;0;0;0;0;0;0;0;0;0;0;0;492;0;0;0;0;0;0;0;0;0;0;0;0;0;0;0;0;0;0;0;0;0;0;0;0;0;0;0;0;0;0;0;0;0;0;0;0;0;0;0;0;0;0;0;0;0;0;0;0;0;0;0;0;0;0;0;0;0;0;0;0;0;0;0;;;;;;;;;;;;;;;;;;;;;;;;;;;;;;;;;;;;;;;;;;;;;;;;;;;;;;;;;;;;;;;;;;;;;;;;;;;;;;;
2018;2018-04;04/03/2018;10/03/2018;6;Viagem de barco;Barco JJ Mesquita;Rio Negro;;;;;;;285;0;0;0;117;0;0;0;713;117;0;0;0;0;0;0;0;0;0;0;0;0;0;0;0;143;0;0;0;0;0;0;0;0;0;0;0;0;0;0;0;0;0;0;0;0;0;0;0;0;0;0;0;0;0;0;0;0;0;0;0;0;0;0;0;0;0;0;0;0;0;0;0;0;0;0;0;0;0;0;0;0;0;0;0;0;0;0;0;;;;;;;;;;;;;;;;;;;;;;;;;;;;;;;;;;;;;;;;;;;;;;;;;;;;;;;;;;;;;;;;;;;;;;;;;;;;;;;
2018;2018-05;04/03/2018;10/03/2018;6;Viagem de barco;Barco Serguem Silva;Rio Negro;;;;;;;203;0;0;0;78;0;0;0;284;78;0;0;0;0;0;0;0;0;0;0;0;0;0;0;0;389;0;0;0;0;0;0;0;0;0;0;0;0;0;0;0;0;0;0;0;0;0;0;0;0;0;0;0;0;0;0;0;0;0;0;0;0;0;0;0;0;0;0;0;0;0;0;0;0;0;0;0;0;0;0;0;0;0;0;0;0;0;0;0;;;;;;;;;;;;;;;;;;;;;;;;;;;;;;;;;;;;;;;;;;;;;;;;;;;;;;;;;;;;;;;;;;;;;;;;;;;;;;;
2018;2018-06;18/03/2018;24/03/2018;6;Viagem de barco;Barco JJ Mesquita;Rio Negro;;;;;;;256;0;0;0;81;0;0;0;299;81;0;0;0;0;0;0;0;0;0;0;0;0;0;0;0;218;0;0;0;0;0;0;0;0;0;0;0;0;0;0;0;0;0;0;0;0;0;0;0;0;0;0;0;0;0;0;0;0;0;0;0;0;0;0;0;0;0;0;0;0;0;0;0;0;0;0;0;0;0;0;0;0;0;0;0;0;0;0;0;;;;;;;;;;;;;;;;;;;;;;;;;;;;;;;;;;;;;;;;;;;;;;;;;;;;;;;;;;;;;;;;;;;;;;;;;;;;;;;
2018;2018-07;08/04/2018;14/04/2018;6;Viagem de barco;Barco JJ Mesquita;Rio Negro;;;;;;;281;0;0;0;59;0;0;0;218;66;0;0;0;0;0;0;0;0;0;0;0;0;0;0;0;218;0;0;0;0;0;0;0;0;0;0;0;0;0;0;0;0;0;0;0;0;0;0;0;0;0;0;0;0;0;0;0;0;0;0;0;0;0;0;0;0;0;0;0;0;0;0;0;0;0;0;0;0;0;0;0;0;0;0;0;0;0;0;0;;;;;;;;;;;;;;;;;;;;;;;;;;;;;;;;;;;;;;;;;;;;;;;;;;;;;;;;;;;;;;;;;;;;;;;;;;;;;;;
2018;2018-08;15/04/2018;21/04/2018;6;Viagem de barco;Barco JJ Mesquita;Rio Solimões;;;;;;;345;0;0;0;115;0;0;0;576;144;0;0;0;0;0;0;0;0;0;0;0;0;0;0;0;737;0;0;0;0;0;0;0;0;0;0;0;0;0;0;0;0;0;0;0;0;0;0;0;0;0;0;0;0;0;0;0;0;0;0;0;0;0;0;0;0;0;0;0;0;0;0;0;0;0;0;0;0;0;0;0;0;0;0;0;0;0;0;0;;;;;;;;;;;;;;;;;;;;;;;;;;;;;;;;;;;;;;;;;;;;;;;;;;;;;;;;;;;;;;;;;;;;;;;;;;;;;;;
2018;2018-09;25/04/2018;02/05/2018;7;Viagem de barco;Barco Amor e Esperança;Baixo Amazonas;;Amazon Outreach;;;;;127;0;0;0;24;0;0;0;0;0;0;0;0;0;0;0;0;0;0;0;0;0;0;0;0;635;0;0;0;0;0;0;0;0;0;0;0;0;0;0;0;0;0;0;0;0;0;0;0;0;0;0;0;0;0;0;0;0;0;0;0;0;0;0;0;0;0;0;0;0;0;0;0;0;0;0;0;0;0;0;0;0;0;0;0;0;0;0;0;;;;;;;;;;;;;;;;;;;;;;;;;;;;;;;;;;;;;;;;;;;;;;;;;;;;;;;;;;;;;;;;;;;;;;;;;;;;;;;
2018;2018-10;13/05/2018;19/05/2018;6;Viagem de barco;Barco JJ Mesquita;Rio Negro;;;;;;;273;0;0;0;70;0;0;0;486;68;0;0;0;0;0;0;0;0;0;0;0;0;0;0;0;303;0;0;0;0;0;0;0;0;0;0;0;0;0;0;0;0;0;0;0;0;0;0;0;0;0;0;0;0;0;0;0;0;0;0;0;0;0;0;0;0;0;0;0;0;0;0;0;0;0;0;0;0;0;0;0;0;0;0;0;0;0;0;0;;;;;;;;;;;;;;;;;;;;;;;;;;;;;;;;;;;;;;;;;;;;;;;;;;;;;;;;;;;;;;;;;;;;;;;;;;;;;;;
2018;2018-11;20/05/2018;26/05/2018;6;Viagem de barco;Barco JJ Mesquita;Baixo Amazonas;;;;;;;249;0;0;0;33;0;0;0;148;90;0;0;0;0;0;0;0;0;0;0;0;0;0;0;0;191;0;0;0;0;0;0;0;0;0;0;0;0;0;0;0;0;0;0;0;0;0;0;0;0;0;0;0;0;0;0;0;0;0;0;0;0;0;0;0;0;0;0;0;0;0;0;0;0;0;0;0;0;0;0;0;0;0;0;0;0;0;0;0;;;;;;;;;;;;;;;;;;;;;;;;;;;;;;;;;;;;;;;;;;;;;;;;;;;;;;;;;;;;;;;;;;;;;;;;;;;;;;;
2018;2018-12;01/06/2018;09/06/2018;8;Viagem de barco;Barco Linda e Esperança;Baixo Amazonas;;Amazon Outreach;;;;;238;0;0;0;;0;0;0;0;0;0;0;0;0;0;0;0;0;0;0;0;0;0;0;0;42;0;0;0;0;0;0;0;0;0;0;0;0;0;0;0;0;0;0;0;0;0;0;0;0;0;0;0;0;0;0;0;0;0;0;0;0;0;0;0;0;0;0;0;0;0;0;0;0;0;0;0;0;0;0;0;0;0;0;0;0;0;0;0;;;;;;;;;;;;;;;;;;;;;;;;;;;;;;;;;;;;;;;;;;;;;;;;;;;;;;;;;;;;;;;;;;;;;;;;;;;;;;;
2018;2018-13;03/06/2018;09/06/2018;6;Viagem de barco;Barco JJ Mesquita;Baixo Amazonas;;;;;;;268;0;0;0;51;0;0;0;320;51;0;0;0;0;0;0;0;0;0;0;0;0;0;0;0;184;0;0;0;0;0;0;0;0;0;0;0;0;0;0;0;0;0;0;0;0;0;0;0;0;0;0;0;0;0;0;0;0;0;0;0;0;0;0;0;0;0;0;0;0;0;0;0;0;0;0;0;0;0;0;0;0;0;0;0;0;0;0;0;;;;;;;;;;;;;;;;;;;;;;;;;;;;;;;;;;;;;;;;;;;;;;;;;;;;;;;;;;;;;;;;;;;;;;;;;;;;;;;
2018;2018-14;10/06/2018;16/06/2018;6;Viagem de barco;Barco JJ Mesquita;Rio Negro;;;;;;;300;0;0;0;81;0;0;0;339;110;0;0;0;0;0;0;0;0;0;0;0;0;0;0;0;212;0;0;0;0;0;0;0;0;0;0;0;0;0;0;0;0;0;0;0;0;0;0;0;0;0;0;0;0;0;0;0;0;0;0;0;0;0;0;0;0;0;0;0;0;0;0;0;0;0;0;0;0;0;0;0;0;0;0;0;0;0;0;0;;;;;;;;;;;;;;;;;;;;;;;;;;;;;;;;;;;;;;;;;;;;;;;;;;;;;;;;;;;;;;;;;;;;;;;;;;;;;;;
2018;2018-15;20/06/2018;27/06/2018;7;Viagem de barco;Barco Amor e Esperança;Rio Andirá;;Amazon Outreach;;;;;284;0;0;0;60;0;0;0;0;0;0;0;0;0;0;0;0;0;0;0;0;0;0;0;0;553;0;0;0;0;0;0;0;0;0;0;0;0;0;0;0;0;0;0;0;0;0;0;0;0;0;0;0;0;0;0;0;0;0;0;0;0;0;0;0;0;0;0;0;0;0;0;0;0;0;0;0;0;0;0;0;0;0;0;0;0;0;0;0;;;;;;;;;;;;;;;;;;;;;;;;;;;;;;;;;;;;;;;;;;;;;;;;;;;;;;;;;;;;;;;;;;;;;;;;;;;;;;;
2018;2018-16;29/06/2018;07/07/2018;8;Viagem de barco;Barco Amor e Esperança;Rio Massauari;;Amazon Outreach;;;;;196;0;0;0;100;0;0;0;0;0;0;0;0;0;0;0;0;0;0;0;0;0;0;0;0;523;0;0;0;0;0;0;0;0;0;0;0;0;0;0;0;0;0;0;0;0;0;0;0;0;0;0;0;0;0;0;0;0;0;0;0;0;0;0;0;0;0;0;0;0;0;0;0;0;0;0;0;0;0;0;0;0;0;0;0;0;0;0;0;;;;;;;;;;;;;;;;;;;;;;;;;;;;;;;;;;;;;;;;;;;;;;;;;;;;;;;;;;;;;;;;;;;;;;;;;;;;;;;
2018;2018-17;01/07/2018;12/07/2018;11;Viagem de barco;Barco Serguem Silva;Rio Negro;;;;;;;329;0;0;0;86;0;0;0;302;90;0;0;0;0;0;0;0;0;0;0;0;0;0;0;0;739;0;0;0;0;0;0;0;0;0;0;0;0;0;0;0;0;0;0;0;0;0;0;0;0;0;0;0;0;0;0;0;0;0;0;0;0;0;0;0;0;0;0;0;0;0;0;0;0;0;0;0;0;0;0;0;0;0;0;0;0;0;0;0;;;;;;;;;;;;;;;;;;;;;;;;;;;;;;;;;;;;;;;;;;;;;;;;;;;;;;;;;;;;;;;;;;;;;;;;;;;;;;;
2018;2018-18;01/07/2018;07/07/2018;6;Viagem de barco;Barco JJ Mesquita;Rio Solimões;;;;;;;191;0;0;0;57;0;0;0;342;57;0;0;0;0;0;0;0;0;0;0;0;0;0;0;0;1290;0;0;0;0;0;0;0;0;0;0;0;0;0;0;0;0;0;0;0;0;0;0;0;0;0;0;0;0;0;0;0;0;0;0;0;0;0;0;0;0;0;0;0;0;0;0;0;0;0;0;0;0;0;0;0;0;0;0;0;0;0;0;0;;;;;;;;;;;;;;;;;;;;;;;;;;;;;;;;;;;;;;;;;;;;;;;;;;;;;;;;;;;;;;;;;;;;;;;;;;;;;;;
2018;2018-19;20/07/2018;28/07/2018;8;Viagem de barco;Barco Amor e Esperança;Baixo Amazonas;;Amazon Outreach;;;;;212;0;0;0;79;0;0;0;0;0;0;0;0;0;0;0;0;0;0;0;0;0;0;0;0;670;0;0;0;0;0;0;0;0;0;0;0;0;0;0;0;0;0;0;0;0;0;0;0;0;0;0;0;0;0;0;0;0;0;0;0;0;0;0;0;0;0;0;0;0;0;0;0;0;0;0;0;0;0;0;0;0;0;0;0;0;0;0;0;;;;;;;;;;;;;;;;;;;;;;;;;;;;;;;;;;;;;;;;;;;;;;;;;;;;;;;;;;;;;;;;;;;;;;;;;;;;;;;
2018;2018-20;22/07/2018;28/07/2018;6;Viagem de barco;Barco Serguem Silva;Baixo Amazonas;;;;;;;147;0;0;0;36;0;0;0;155;36;0;0;0;0;0;0;0;0;0;0;0;0;0;0;0;397;0;0;0;0;0;0;0;0;0;0;0;0;0;0;0;0;0;0;0;0;0;0;0;0;0;0;0;0;0;0;0;0;0;0;0;0;0;0;0;0;0;0;0;0;0;0;0;0;0;0;0;0;0;0;0;0;0;0;0;0;0;0;0;;;;;;;;;;;;;;;;;;;;;;;;;;;;;;;;;;;;;;;;;;;;;;;;;;;;;;;;;;;;;;;;;;;;;;;;;;;;;;;
2018;2018-21;22/07/2018;28/07/2018;6;Viagem de barco;Barco JJ Mesquita;Rio Negro;;;;;;;252;0;0;0;53;0;0;0;203;94;0;0;0;0;0;0;0;0;0;0;0;0;0;0;0;221;0;0;0;0;0;0;0;0;0;0;0;0;0;0;0;0;0;0;0;0;0;0;0;0;0;0;0;0;0;0;0;0;0;0;0;0;0;0;0;0;0;0;0;0;0;0;0;0;0;0;0;0;0;0;0;0;0;0;0;0;0;0;0;;;;;;;;;;;;;;;;;;;;;;;;;;;;;;;;;;;;;;;;;;;;;;;;;;;;;;;;;;;;;;;;;;;;;;;;;;;;;;;
2018;2018-22;05/08/2018;11/08/2018;6;Viagem de barco;Barco JJ Mesquita;Rio Solimões;;;;;;;345;0;0;0;84;0;0;0;474;94;0;0;0;0;0;0;0;0;0;0;0;0;0;0;0;668;0;0;0;0;0;0;0;0;0;0;0;0;0;0;0;0;0;0;0;0;0;0;0;0;0;0;0;0;0;0;0;0;0;0;0;0;0;0;0;0;0;0;0;0;0;0;0;0;0;0;0;0;0;0;0;0;0;0;0;0;0;0;0;;;;;;;;;;;;;;;;;;;;;;;;;;;;;;;;;;;;;;;;;;;;;;;;;;;;;;;;;;;;;;;;;;;;;;;;;;;;;;;
2018;2018-23;12/08/2018;18/08/2018;6;Viagem de barco;Barco JJ Mesquita;Rio Solimões;;;;;;;259;0;0;0;77;0;0;0;430;81;0;0;0;0;0;0;0;0;0;0;0;0;0;0;0;376;0;0;0;0;0;0;0;0;0;0;0;0;0;0;0;0;0;0;0;0;0;0;0;0;0;0;0;0;0;0;0;0;0;0;0;0;0;0;0;0;0;0;0;0;0;0;0;0;0;0;0;0;0;0;0;0;0;0;0;0;0;0;0;;;;;;;;;;;;;;;;;;;;;;;;;;;;;;;;;;;;;;;;;;;;;;;;;;;;;;;;;;;;;;;;;;;;;;;;;;;;;;;
2018;2018-24;05/09/2018;08/09/2018;3;Viagem de barco;Barco JJ Mesquita;Rio Autazes;;;;;;;285;0;0;0;69;0;0;0;332;69;0;0;0;0;0;0;0;0;0;0;0;0;0;0;0;293;0;0;0;0;0;0;0;0;0;0;0;0;0;0;0;0;0;0;0;0;0;0;0;0;0;0;0;0;0;0;0;0;0;0;0;0;0;0;0;0;0;0;0;0;0;0;0;0;0;0;0;0;0;0;0;0;0;0;0;0;0;0;0;;;;;;;;;;;;;;;;;;;;;;;;;;;;;;;;;;;;;;;;;;;;;;;;;;;;;;;;;;;;;;;;;;;;;;;;;;;;;;;
2018;2018-25;09/09/2018;15/09/2018;6;Viagem de barco;Barco JJ Mesquita;Baixo Amazonas;;;;;;;233;0;0;0;44;0;0;0;188;45;0;0;0;0;0;0;0;0;0;0;0;0;0;0;0;254;0;0;0;0;0;0;0;0;0;0;0;0;0;0;0;0;0;0;0;0;0;0;0;0;0;0;0;0;0;0;0;0;0;0;0;0;0;0;0;0;0;0;0;0;0;0;0;0;0;0;0;0;0;0;0;0;0;0;0;0;0;0;0;;;;;;;;;;;;;;;;;;;;;;;;;;;;;;;;;;;;;;;;;;;;;;;;;;;;;;;;;;;;;;;;;;;;;;;;;;;;;;;
2018;2018-26;23/09/2018;29/09/2018;6;Viagem de barco;Barco Serguem Silva;Rio Negro;;;;;;;250;0;0;0;82;0;0;0;491;82;0;0;0;0;0;0;0;0;0;0;0;0;0;0;0;171;0;0;0;0;0;0;0;0;0;0;0;0;0;0;0;0;0;0;0;0;0;0;0;0;0;0;0;0;0;0;0;0;0;0;0;0;0;0;0;0;0;0;0;0;0;0;0;0;0;0;0;0;0;0;0;0;0;0;0;0;0;0;0;;;;;;;;;;;;;;;;;;;;;;;;;;;;;;;;;;;;;;;;;;;;;;;;;;;;;;;;;;;;;;;;;;;;;;;;;;;;;;;
2018;2018-27;07/10/2018;13/10/2018;6;Viagem de barco;Barco JJ Mesquita;Rio Uatumã;;;;;;;170;0;0;0;56;0;0;0;378;56;0;0;0;0;0;0;0;0;0;0;0;0;0;0;0;343;0;0;0;0;0;0;0;0;0;0;0;0;0;0;0;0;0;0;0;0;0;0;0;0;0;0;0;0;0;0;0;0;0;0;0;0;0;0;0;0;0;0;0;0;0;0;0;0;0;0;0;0;0;0;0;0;0;0;0;0;0;0;0;;;;;;;;;;;;;;;;;;;;;;;;;;;;;;;;;;;;;;;;;;;;;;;;;;;;;;;;;;;;;;;;;;;;;;;;;;;;;;;
2018;2018-28;14/10/2018;20/10/2018;6;Viagem de barco;Barco JJ Mesquita;Rio Solimões;;;;;;;299;0;0;0;106;0;0;0;461;162;0;0;0;0;0;0;0;0;0;0;0;0;0;0;0;444;0;0;0;0;0;0;0;0;0;0;0;0;0;0;0;0;0;0;0;0;0;0;0;0;0;0;0;0;0;0;0;0;0;0;0;0;0;0;0;0;0;0;0;0;0;0;0;0;0;0;0;0;0;0;0;0;0;0;0;0;0;0;0;;;;;;;;;;;;;;;;;;;;;;;;;;;;;;;;;;;;;;;;;;;;;;;;;;;;;;;;;;;;;;;;;;;;;;;;;;;;;;;
2018;2018-29;21/10/2018;27/10/2018;6;Viagem de barco;Barco JJ Mesquita;Rio Negro;;;;;;;295;0;0;0;80;0;0;0;426;83;0;0;0;0;0;0;0;0;0;0;0;0;0;0;0;169;0;0;0;0;0;0;0;0;0;0;0;0;0;0;0;0;0;0;0;0;0;0;0;0;0;0;0;0;0;0;0;0;0;0;0;0;0;0;0;0;0;0;0;0;0;0;0;0;0;0;0;0;0;0;0;0;0;0;0;0;0;0;0;;;;;;;;;;;;;;;;;;;;;;;;;;;;;;;;;;;;;;;;;;;;;;;;;;;;;;;;;;;;;;;;;;;;;;;;;;;;;;;
2018;2018-30;21/10/2018;27/10/2018;6;Viagem de barco;Barco Serguem Silva;Baixo Amazonas;;;;;;;140;0;0;0;42;0;0;0;308;42;0;0;0;0;0;0;0;0;0;0;0;0;0;0;0;240;0;0;0;0;0;0;0;0;0;0;0;0;0;0;0;0;0;0;0;0;0;0;0;0;0;0;0;0;0;0;0;0;0;0;0;0;0;0;0;0;0;0;0;0;0;0;0;0;0;0;0;0;0;0;0;0;0;0;0;0;0;0;0;;;;;;;;;;;;;;;;;;;;;;;;;;;;;;;;;;;;;;;;;;;;;;;;;;;;;;;;;;;;;;;;;;;;;;;;;;;;;;;
2018;2018-31;07/11/2018;14/11/2018;7;Viagem de barco;Barco Linda e Esperança;Rio Negro;;Amazon Outreach;;;;;140;0;0;0;65;0;0;0;0;0;0;0;0;0;0;0;0;0;0;0;0;0;0;0;0;326;0;0;0;0;0;0;0;0;0;0;0;0;0;0;0;0;0;0;0;0;0;0;0;0;0;0;0;0;0;0;0;0;0;0;0;0;0;0;0;0;0;0;0;0;0;0;0;0;0;0;0;0;0;0;0;0;0;0;0;0;0;0;0;;;;;;;;;;;;;;;;;;;;;;;;;;;;;;;;;;;;;;;;;;;;;;;;;;;;;;;;;;;;;;;;;;;;;;;;;;;;;;;
2018;2018-32;11/11/2018;17/11/2018;6;Viagem de barco;Barco JJ Mesquita;Rio Solimões;;;;;;;205;0;0;0;86;0;0;0;381;79;0;0;0;0;0;0;0;0;0;0;0;0;0;0;0;385;0;0;0;0;0;0;0;0;0;0;0;0;0;0;0;0;0;0;0;0;0;0;0;0;0;0;0;0;0;0;0;0;0;0;0;0;0;0;0;0;0;0;0;0;0;0;0;0;0;0;0;0;0;0;0;0;0;0;0;0;0;0;0;;;;;;;;;;;;;;;;;;;;;;;;;;;;;;;;;;;;;;;;;;;;;;;;;;;;;;;;;;;;;;;;;;;;;;;;;;;;;;;
2019;2019-01;13/01/2019;18/01/2019;5;Viagem de barco;Barco JJ Mesquita;Rio Negro;;;;;;;238;0;0;0;98;0;0;0;549;118;0;0;0;0;0;0;0;0;0;0;0;0;0;0;0;267;0;0;0;0;0;0;0;0;0;0;0;0;0;0;0;0;0;0;0;0;0;0;0;0;0;0;0;0;0;0;0;0;0;0;0;0;0;0;0;0;0;0;0;0;0;0;0;0;0;0;0;0;0;0;0;0;0;0;0;0;0;0;0;;;;;;;;;;;;;;;;;;;;;;;;;;;;;;;;;;;;;;;;;;;;;;;;;;;;;;;;;;;;;;;;;;;;;;;;;;;;;;;
2019;2019-02;03/03/2019;09/03/2019;6;Viagem de barco;Barco Serguem Silva;Rio Negro;;;;;;;243;0;0;0;78;0;0;0;267;79;0;0;0;0;0;0;0;0;0;0;0;0;0;0;0;232;0;0;0;0;0;0;0;0;0;0;0;0;0;0;0;0;0;0;0;0;0;0;0;0;0;0;0;0;0;0;0;0;0;0;0;0;0;0;0;0;0;0;0;0;0;0;0;0;0;0;0;0;0;0;0;0;0;0;0;0;0;0;0;;;;;;;;;;;;;;;;;;;;;;;;;;;;;;;;;;;;;;;;;;;;;;;;;;;;;;;;;;;;;;;;;;;;;;;;;;;;;;;
2019;2019-03;30/04/2019;02/05/2019;2;Viagem de barco;Barco JJ Mesquita;Rio Negro;;;;;;;51;0;0;0;30;0;0;0;88;41;0;0;0;0;0;0;0;0;0;0;0;0;0;0;0;62;0;0;0;0;0;0;0;0;0;0;0;0;0;0;0;0;0;0;0;0;0;0;0;0;0;0;0;0;0;0;0;0;0;0;0;0;0;0;0;0;0;0;0;0;0;0;0;0;0;0;0;0;0;0;0;0;0;0;0;0;0;0;0;;;;;;;;;;;;;;;;;;;;;;;;;;;;;;;;;;;;;;;;;;;;;;;;;;;;;;;;;;;;;;;;;;;;;;;;;;;;;;;
2019;2019-04;09/06/2019;15/06/2019;6;Viagem de barco;Barco JJ Mesquita;Rio Negro;;;;;;;308;0;0;0;100;0;0;0;0;423;0;0;0;0;0;0;0;0;0;0;0;0;0;0;0;202;0;0;0;0;0;0;0;0;0;0;0;0;0;0;0;0;0;0;0;0;0;0;0;0;0;0;0;0;0;0;0;0;0;0;0;0;0;0;0;0;0;0;0;0;0;0;0;0;0;0;0;0;0;0;0;0;0;0;0;0;0;0;0;;;;;;;;;;;;;;;;;;;;;;;;;;;;;;;;;;;;;;;;;;;;;;;;;;;;;;;;;;;;;;;;;;;;;;;;;;;;;;;
2019;2019-05;16/06/2019;21/06/2019;5;Viagem de barco;Barco JJ Mesquita;Baixo Amazonas;;;;;;;253;0;0;0;49;0;0;0;186;96;0;0;0;0;0;0;0;0;0;0;0;0;0;0;0;276;0;0;0;0;0;0;0;0;0;0;0;0;0;0;0;0;0;0;0;0;0;0;0;0;0;0;0;0;0;0;0;0;0;0;0;0;0;0;0;0;0;0;0;0;0;0;0;0;0;0;0;0;0;0;0;0;0;0;0;0;0;0;0;;;;;;;;;;;;;;;;;;;;;;;;;;;;;;;;;;;;;;;;;;;;;;;;;;;;;;;;;;;;;;;;;;;;;;;;;;;;;;;
2019;2019-06;07/07/2019;13/07/2019;6;Viagem de barco;Barco JJ Mesquita;Baixo Amazonas;;;;;;;220;0;0;0;81;0;0;0;405;113;0;0;0;0;0;0;0;0;0;0;0;0;0;0;0;693;0;0;0;0;0;0;0;0;0;0;0;0;0;0;0;0;0;0;0;0;0;0;0;0;0;0;0;0;0;0;0;0;0;0;0;0;0;0;0;0;0;0;0;0;0;0;0;0;0;0;0;0;0;0;0;0;0;0;0;0;0;0;0;;;;;;;;;;;;;;;;;;;;;;;;;;;;;;;;;;;;;;;;;;;;;;;;;;;;;;;;;;;;;;;;;;;;;;;;;;;;;;;
2019;2019-07;14/07/2019;20/07/2019;6;Viagem de barco;Barco JJ Mesquita;Rio Negro;;;;;;;331;0;0;0;71;0;0;0;304;74;0;0;0;0;0;0;0;0;0;0;0;0;0;0;0;153;0;0;0;0;0;0;0;0;0;0;0;0;0;0;0;0;0;0;0;0;0;0;0;0;0;0;0;0;0;0;0;0;0;0;0;0;0;0;0;0;0;0;0;0;0;0;0;0;0;0;0;0;0;0;0;0;0;0;0;0;0;0;0;;;;;;;;;;;;;;;;;;;;;;;;;;;;;;;;;;;;;;;;;;;;;;;;;;;;;;;;;;;;;;;;;;;;;;;;;;;;;;;
2019;2019-08;14/07/2019;19/07/2019;5;Viagem de barco;Barco Serguem Silva;Rio Negro;;;;;;;319;0;0;0;79;0;0;0;284;368;0;0;0;0;0;0;0;0;0;0;0;0;0;0;0;11;0;0;0;0;0;0;0;0;0;0;0;0;0;0;0;0;0;0;0;0;0;0;0;0;0;0;0;0;0;0;0;0;0;0;0;0;0;0;0;0;0;0;0;0;0;0;0;0;0;0;0;0;0;0;0;0;0;0;0;0;0;0;0;;;;;;;;;;;;;;;;;;;;;;;;;;;;;;;;;;;;;;;;;;;;;;;;;;;;;;;;;;;;;;;;;;;;;;;;;;;;;;;
2019;2019-09;21/07/2019;27/07/2019;6;Viagem de barco;Barco JJ Mesquita;Rio Autazes;;;;;;;335;0;0;0;93;0;0;0;0;530;0;0;0;0;0;0;0;0;0;0;0;0;0;0;0;303;0;0;0;0;0;0;0;0;0;0;0;0;0;0;0;0;0;0;0;0;0;0;0;0;0;0;0;0;0;0;0;0;0;0;0;0;0;0;0;0;0;0;0;0;0;0;0;0;0;0;0;0;0;0;0;0;0;0;0;0;0;0;0;;;;;;;;;;;;;;;;;;;;;;;;;;;;;;;;;;;;;;;;;;;;;;;;;;;;;;;;;;;;;;;;;;;;;;;;;;;;;;;
2019;2019-10;04/08/2019;10/08/2019;6;Viagem de barco;Barco JJ Mesquita;Rio Solimões;;;;;;;245;0;0;0;126;0;0;0;588;126;0;0;0;0;0;0;0;0;0;0;0;0;0;0;0;550;0;0;0;0;0;0;0;0;0;0;0;0;0;0;0;0;0;0;0;0;0;0;0;0;0;0;0;0;0;0;0;0;0;0;0;0;0;0;0;0;0;0;0;0;0;0;0;0;0;0;0;0;0;0;0;0;0;0;0;0;0;0;0;;;;;;;;;;;;;;;;;;;;;;;;;;;;;;;;;;;;;;;;;;;;;;;;;;;;;;;;;;;;;;;;;;;;;;;;;;;;;;;
2019;2019-11;04/08/2019;10/08/2019;6;Viagem de barco;Barco Serguem Silva;Rio Solimões;;;;;;;236;0;0;0;70;0;0;0;279;72;0;0;0;0;0;0;0;0;0;0;0;0;0;0;0;335;0;0;0;0;0;0;0;0;0;0;0;0;0;0;0;0;0;0;0;0;0;0;0;0;0;0;0;0;0;0;0;0;0;0;0;0;0;0;0;0;0;0;0;0;0;0;0;0;0;0;0;0;0;0;0;0;0;0;0;0;0;0;0;;;;;;;;;;;;;;;;;;;;;;;;;;;;;;;;;;;;;;;;;;;;;;;;;;;;;;;;;;;;;;;;;;;;;;;;;;;;;;;
2019;2019-12;18/08/2019;24/08/2019;6;Viagem de barco;Barco JJ Mesquita;Baixo Amazonas;;;;;;;185;0;0;0;68;0;0;0;400;75;0;0;0;0;0;0;0;0;0;0;0;0;0;0;0;575;0;0;0;0;0;0;0;0;0;0;0;0;0;0;0;0;0;0;0;0;0;0;0;0;0;0;0;0;0;0;0;0;0;0;0;0;0;0;0;0;0;0;0;0;0;0;0;0;0;0;0;0;0;0;0;0;0;0;0;0;0;0;0;;;;;;;;;;;;;;;;;;;;;;;;;;;;;;;;;;;;;;;;;;;;;;;;;;;;;;;;;;;;;;;;;;;;;;;;;;;;;;;
2019;2019-13;25/08/2019;31/08/2019;6;Viagem de barco;Barco JJ Mesquita;Rio Negro;;;;;;;270;0;0;0;122;0;0;0;440;133;0;0;0;0;0;0;0;0;0;0;0;0;0;0;0;505;0;0;0;0;0;0;0;0;0;0;0;0;0;0;0;0;0;0;0;0;0;0;0;0;0;0;0;0;0;0;0;0;0;0;0;0;0;0;0;0;0;0;0;0;0;0;0;0;0;0;0;0;0;0;0;0;0;0;0;0;0;0;0;;;;;;;;;;;;;;;;;;;;;;;;;;;;;;;;;;;;;;;;;;;;;;;;;;;;;;;;;;;;;;;;;;;;;;;;;;;;;;;
2019;2019-14;08/09/2019;14/09/2019;6;Viagem de barco;Barco JJ Mesquita;Rio Negro;;;;;;;252;0;0;0;82;0;0;0;422;243;0;0;0;0;0;0;0;0;0;0;0;0;0;0;0;160;0;0;0;0;0;0;0;0;0;0;0;0;0;0;0;0;0;0;0;0;0;0;0;0;0;0;0;0;0;0;0;0;0;0;0;0;0;0;0;0;0;0;0;0;0;0;0;0;0;0;0;0;0;0;0;0;0;0;0;0;0;0;0;;;;;;;;;;;;;;;;;;;;;;;;;;;;;;;;;;;;;;;;;;;;;;;;;;;;;;;;;;;;;;;;;;;;;;;;;;;;;;;
2019;2019-15;15/09/2019;21/09/2019;6;Viagem de barco;Barco JJ Mesquita;Rio Solimões;;;;;;;232;0;0;0;82;0;0;0;364;143;0;0;0;0;0;0;0;0;0;0;0;0;0;0;0;797;0;0;0;0;0;0;0;0;0;0;0;0;0;0;0;0;0;0;0;0;0;0;0;0;0;0;0;0;0;0;0;0;0;0;0;0;0;0;0;0;0;0;0;0;0;0;0;0;0;0;0;0;0;0;0;0;0;0;0;0;0;0;0;;;;;;;;;;;;;;;;;;;;;;;;;;;;;;;;;;;;;;;;;;;;;;;;;;;;;;;;;;;;;;;;;;;;;;;;;;;;;;;
2019;2019-16;14/10/2019;18/10/2019;4;Viagem de barco;Barco Serguem Silva;Rio Negro;;;;;;;161;0;0;0;65;0;0;0;452;83;0;0;0;0;0;0;0;0;0;0;0;0;0;0;0;219;0;0;0;0;0;0;0;0;0;0;0;0;0;0;0;0;0;0;0;0;0;0;0;0;0;0;0;0;0;0;0;0;0;0;0;0;0;0;0;0;0;0;0;0;0;0;0;0;0;0;0;0;0;0;0;0;0;0;0;0;0;0;0;;;;;;;;;;;;;;;;;;;;;;;;;;;;;;;;;;;;;;;;;;;;;;;;;;;;;;;;;;;;;;;;;;;;;;;;;;;;;;;
2019;2019-17;21/10/2019;25/10/2019;4;Viagem de barco;Barco Serguem Silva;Rio Solimões;;;;;;;595;0;0;0;172;0;0;0;918;94;0;0;0;0;0;0;0;0;0;0;0;0;0;0;0;;0;0;0;0;0;0;0;0;0;0;0;0;0;0;0;0;0;0;0;0;0;0;0;0;0;0;0;0;0;0;0;0;0;0;0;0;0;0;0;0;0;0;0;0;0;0;0;0;0;0;0;0;0;0;0;0;0;0;0;0;0;0;0;;;;;;;;;;;;;;;;;;;;;;;;;;;;;;;;;;;;;;;;;;;;;;;;;;;;;;;;;;;;;;;;;;;;;;;;;;;;;;;
2019;2019-18;27/10/2019;01/11/2019;5;Viagem de barco;Barco JJ Mesquita;Rio Negro;;;;;;;182;0;0;0;109;0;0;0;748;136;0;0;0;0;0;0;0;0;0;0;0;0;0;0;0;316;0;0;0;0;0;0;0;0;0;0;0;0;0;0;0;0;0;0;0;0;0;0;0;0;0;0;0;0;0;0;0;0;0;0;0;0;0;0;0;0;0;0;0;0;0;0;0;0;0;0;0;0;0;0;0;0;0;0;0;0;0;0;0;;;;;;;;;;;;;;;;;;;;;;;;;;;;;;;;;;;;;;;;;;;;;;;;;;;;;;;;;;;;;;;;;;;;;;;;;;;;;;;
2019;2019-19;05/11/2019;06/11/2019;1;Viagem de barco;Barco Serguem Silva;Rio Negro;;;;;;;95;0;0;0;20;0;0;0;200;32;0;0;0;0;0;0;0;0;0;0;0;0;0;0;0;83;0;0;0;0;0;0;0;0;0;0;0;0;0;0;0;0;0;0;0;0;0;0;0;0;0;0;0;0;0;0;0;0;0;0;0;0;0;0;0;0;0;0;0;0;0;0;0;0;0;0;0;0;0;0;0;0;0;0;0;0;0;0;0;;;;;;;;;;;;;;;;;;;;;;;;;;;;;;;;;;;;;;;;;;;;;;;;;;;;;;;;;;;;;;;;;;;;;;;;;;;;;;;
2019;2019-20;10/11/2019;16/11/2019;6;Viagem de barco;Barco JJ Mesquita;Baixo Amazonas;;;;;;;159;0;0;0;48;0;0;0;388;171;0;0;0;0;0;0;0;0;0;0;0;0;0;0;0;338;0;0;0;0;0;0;0;0;0;0;0;0;0;0;0;0;0;0;0;0;0;0;0;0;0;0;0;0;0;0;0;0;0;0;0;0;0;0;0;0;0;0;0;0;0;0;0;0;0;0;0;0;0;0;0;0;0;0;0;0;0;0;0;;;;;;;;;;;;;;;;;;;;;;;;;;;;;;;;;;;;;;;;;;;;;;;;;;;;;;;;;;;;;;;;;;;;;;;;;;;;;;;
2019;2019-21;17/11/2019;23/11/2019;6;Viagem de barco;Barco JJ Mesquita;Baixo Amazonas;;;;;;;237;0;0;0;47;0;0;0;403;166;0;0;0;0;0;0;0;0;0;0;0;0;0;0;0;235;0;0;0;0;0;0;0;0;0;0;0;0;0;0;0;0;0;0;0;0;0;0;0;0;0;0;0;0;0;0;0;0;0;0;0;0;0;0;0;0;0;0;0;0;0;0;0;0;0;0;0;0;0;0;0;0;0;0;0;0;0;0;0;;;;;;;;;;;;;;;;;;;;;;;;;;;;;;;;;;;;;;;;;;;;;;;;;;;;;;;;;;;;;;;;;;;;;;;;;;;;;;;
2022;2022-01;28/12/2021;05/01/2022;9;Viagem de barco;Barco Amor e Esperança;Nhamundá;Nhamundá;-;;;-;-;0;0;0;0;87;17;7;63;707;130;87;17;7;63;387;0;0;0;0;0;0;0;0;0;0;0;0;0;0;0;0;0;0;0;0;0;0;0;0;0;0;0;0;0;0;0;0;0;0;0;0;0;0;0;0;0;0;0;0;0;0;0;0;0;0;0;0;0;0;0;0;0;0;0;0;0;0;0;0;0;0;0;0;0;0;0;0;0;0;;;;;;;;;;;;;;;;;;;;;;;;;;;;;;;;;;;;;;;;;;;;;;;;;;;;;;;;;;;;;;;;;;;;;;;;;;;;;;;
2022;2022-02;02/02/2022;07/02/2022;6;Ação missionária;Carro;Manaus;Casa do Oleiro;-;;;-;-;0;0;0;0;17;0;0;17;247;0;0;0;0;0;0;0;0;3;0;0;0;0;0;0;0;0;0;0;0;0;0;0;0;0;0;0;0;0;0;0;0;0;0;0;0;0;0;0;0;0;0;0;0;0;0;0;0;0;0;0;0;0;0;0;0;0;0;0;0;0;0;0;0;0;0;0;0;0;0;0;0;0;0;0;0;0;0;0;0;;;;;;;;;;;;;;;;;;;;;;;;;;;;;;;;;;;;;;;;;;;;;;;;;;;;;;;;;;;;;;;;;;;;;;;;;;;;;;;
2022;2022-03;05/03/2022;12/03/2022;8;Viagem de barco;Barco Amor e Esperança;Rio Solimões;Nhamundá;Amazon Outreach;Brook Hill;;Pr. Eustáquio Fortunato;Enf. Edevanete Oliveira;538;0;0;538;68;0;0;68;285;68;606;0;0;606;3030;0;0;0;0;0;0;0;0;0;0;0;0;0;0;0;0;0;0;0;0;6;0;2 cidades;0;0;0;0;0;0;0;0;0;0;0;0;5;0;0;0;0;0;0;0;0;0;0;0;0;3;0;0;0;0;0;0;0;0;0;0;0;0;0;0;0;0;0;0;0;0;0;0;0;0;0;;;;;;;;;;;;;;;;;;;;;;;;;;;;;;;;;;;;;;;;;;;;;;;;;;;;;;;;;;;;;;;;;;;;;;;;;;;;;;;
2022;2022-04;06/03/2022;11/03/2022;6;Viagem de barco;Barco Mãe Maria;Rio Negro;Lago do Acajatuba;Islego Missions;;;Pr. Ivan Laray;Dr. Djailson Rodrigues;159;48;15;96;55;19;8;28;430;70;214;67;23;124;642;0;0;0;0;0;0;0;102;62;0;0;0;31;5;0;0;0;0;0;0;0;0;691;0;0;0;0;0;0;0;0;0;0;0;0;0;0;0;0;0;0;0;0;0;0;0;0;20;6;0;0;0;3;0;0;0;0;0;0;0;0;0;102;0;0;0;0;0;0;0;0;0;0;0;;;;;;;;;;;;;;;;;;;;;;;;;;;;;;;;;;;;;;;;;;;;;;;;;;;;;;;;;;;;;;;;;;;;;;;;;;;;;;;
2022;2022-05;12/03/2022;18/03/2022;7;Viagem de barco;Barco Amor e Esperança;Baixo Amazonas;Rio Uatumã;Amazon Outreach;Stonegate;;Jael Rodrigues;Marilda Rodrigues;146;0;0;146;21;0;0;21;110;0;167;0;0;167;835;0;0;0;0;0;0;0;82;45;0;29;0;0;2;0;0;0;0;0;0;3;0;0;0;0;0;0;0;0;0;0;0;0;0;0;1;0;0;0;0;0;0;0;0;0;0;0;0;0;0;0;0;0;0;0;0;0;0;0;0;25;0;0;0;0;0;0;0;0;0;0;0;0;0;;;;;;;;;;;;;;;;;;;;;;;;;;;;;;;;;;;;;;;;;;;;;;;;;;;;;;;;;;;;;;;;;;;;;;;;;;;;;;;
2022;2022-06;19/03/2022;25/03/2022;7;Viagem de barco;Barco JJ Mesquita;Rio Solimões;Comunidades;WP Brasil;;;Pr. Eustáquio Fortunato;Enf. Edevanete Oliveira;375;136;20;219;130;27;21;82;660;130;504;163;40;301;2123;0;0;9;0;0;0;0;150;44;0;0;63;0;8;0;0;0;0;0;0;1;0;0;505;0;0;3;15;0;0;0;0;0;0;0;1;0;0;0;0;143;0;0;0;0;0;0;190;4;0;0;0;2;0;0;81;0;60;0;0;118;450;0;0;0;0;0;0;0;0;0;0;0;0;;;;;;;;;;;;;;;;;;;;;;;;;;;;;;;;;;;;;;;;;;;;;;;;;;;;;;;;;;;;;;;;;;;;;;;;;;;;;;;
2022;2022-07;01/04/2022;01/04/2022;1;Ação missionária;Carro;Manaus;CTM Tarumã;-;;;Pr. Flávio Seleguim;Enf. Edevanete Oliveira;24;4;0;20;12;3;9;0;76;0;36;7;0;29;166;0;7;0;14;0;0;0;0;10;0;0;0;0;1;0;0;0;0;0;0;1;0;0;0;0;0;0;0;0;0;0;0;0;0;0;0;0;0;0;0;0;0;0;0;0;0;0;20;0;0;0;0;0;0;0;0;0;0;0;0;0;0;0;0;0;0;0;0;0;0;0;0;0;0;;;;;;;;;;;;;;;;;;;;;;;;;;;;;;;;;;;;;;;;;;;;;;;;;;;;;;;;;;;;;;;;;;;;;;;;;;;;;;;
2022;2022-08;03/04/2022;09/04/2022;7;Viagem de barco;Barco JJ Mesquita;Rio Negro;Comunidades;Igreja Sal da Terra;;;Pr. Ivan Laray;Christiane Ribeiro;204;67;10;127;45;19;3;23;213;0;249;86;13;150;1047;0;0;15;0;0;0;0;114;99;0;65;20;74;4;10;0;2;0;0;0;5;0;0;0;0;0;0;0;0;0;1;0;0;0;0;4;0;0;0;0;0;3;0;0;0;0;0;30;0;5;0;0;0;0;0;120;0;0;0;0;0;0;0;0;20;0;0;0;0;0;0;0;0;0;;;;;;;;;;;;;;;;;;;;;;;;;;;;;;;;;;;;;;;;;;;;;;;;;;;;;;;;;;;;;;;;;;;;;;;;;;;;;;;
2022;2022-09;09/04/2022;14/04/2022;6;Viagem de barco;Barco Discovery;Careiro Castanho;Careiro Castanho;Igrejas locais;;;Pr. Josias Barbosa;Enf. Edevanete Oliveira;110;33;6;71;46;23;12;11;453;273;86;11;3;72;510;0;21;0;0;0;0;0;83;78;0;0;0;0;4;0;0;0;0;0;0;11;0;0;820;0;0;3;0;0;0;2;0;0;0;0;6;0;0;0;0;307;0;0;0;0;0;0;190;1;0;0;0;1;0;0;0;0;0;0;0;0;100;0;0;0;0;0;0;0;0;0;0;0;0;;;;;;;;;;;;;;;;;;;;;;;;;;;;;;;;;;;;;;;;;;;;;;;;;;;;;;;;;;;;;;;;;;;;;;;;;;;;;;;
2022;2022-10;07/05/2022;07/05/2022;1;Avanço Missionário;Carro;Rio Preto da Eva;Congregação Presbiteriana;-;;;Pr. Flávio Seleguim;Dr. Djailson Rodrigues;106;59;0;47;30;9;4;17;241;50;136;68;4;64;536;0;0;0;0;0;0;0;42;3;0;0;0;30;1;0;0;0;0;0;0;3;0;0;0;0;0;0;0;0;0;0;0;0;0;0;0;0;0;0;0;40;0;0;0;0;0;0;10;0;0;0;0;0;0;5;0;0;14;0;0;0;0;0;0;0;0;0;0;0;0;0;0;0;0;;;;;;;;;;;;;;;;;;;;;;;;;;;;;;;;;;;;;;;;;;;;;;;;;;;;;;;;;;;;;;;;;;;;;;;;;;;;;;;
2022;2022-11;11/05/2022;11/05/2022;1;Ação missionária;Carro;Manaus;Inst. Transformando Vidas - Colônia Antônio Aleixo;-;;;-;Dr. Djailson Rodrigues;0;0;0;0;7;6;0;1;38;20;0;0;0;0;0;0;0;0;0;0;0;0;0;0;0;0;0;0;0;0;0;0;0;0;0;0;0;0;0;0;0;0;0;0;0;0;0;0;0;0;0;0;0;0;0;0;0;0;0;0;0;0;0;0;0;0;0;0;0;0;0;0;0;0;0;0;0;0;0;0;0;0;0;0;0;0;0;0;0;;;;;;;;;;;;;;;;;;;;;;;;;;;;;;;;;;;;;;;;;;;;;;;;;;;;;;;;;;;;;;;;;;;;;;;;;;;;;;;
2022;2022-12;17/05/2022;17/05/2022;1;Ação missionária;Carro;Manaus;Inst. Transformando Vidas - Colônia Antônio Aleixo;-;;;-;Dr. Djailson Rodrigues;0;0;0;0;5;3;0;2;44;10;0;0;0;0;0;0;0;0;0;0;0;0;0;0;0;0;0;0;0;0;0;0;0;0;0;0;0;0;0;0;0;0;0;0;0;0;0;0;0;0;0;0;0;0;0;0;0;0;0;0;0;0;0;0;0;0;0;0;0;0;0;0;0;0;0;0;0;0;0;0;0;0;0;0;0;0;0;0;0;;;;;;;;;;;;;;;;;;;;;;;;;;;;;;;;;;;;;;;;;;;;;;;;;;;;;;;;;;;;;;;;;;;;;;;;;;;;;;;
2022;2022-13;28/05/2022;02/06/2022;6;Viagem de barco;Barco Linda Esperança;Rio Solimões;Comunidades;Amazon Outreach;;;Pr. Eustáquio Fortunato;Dr. Djailson Rodrigues;288;99;14;175;56;8;8;40;428;280;344;107;22;215;632;0;0;0;0;0;0;0;0;170;0;101;0;0;5;0;0;0;0;0;0;14;0;0;0;0;0;0;0;0;0;1;0;0;0;0;0;0;0;0;0;0;0;0;0;0;0;0;0;0;0;0;0;2;0;0;337;0;0;0;0;275;0;0;0;0;0;0;0;0;0;0;0;0;0;;;;;;;;;;;;;;;;;;;;;;;;;;;;;;;;;;;;;;;;;;;;;;;;;;;;;;;;;;;;;;;;;;;;;;;;;;;;;;;
2022;2022-14;04/06/2022;11/06/2022;8;Viagem de barco;Barco Linda Esperança;Barreirinha;Rio Andirá;Amazon Outreach;First Baptist Church;;Pr. Mário Sérgio;Marilda Rodrigues;342;110;20;212;74;17;11;46;375;84;416;127;31;258;1764;0;0;0;0;0;0;0;0;290;0;150;0;0;5;0;0;0;0;0;0;20;0;0;0;0;0;0;0;0;0;0;0;0;0;0;0;0;0;0;0;0;0;0;0;0;0;2;2;0;0;0;0;4;0;0;0;0;0;0;0;253;0;0;0;0;0;0;0;0;0;0;0;0;0;;;;;;;;;;;;;;;;;;;;;;;;;;;;;;;;;;;;;;;;;;;;;;;;;;;;;;;;;;;;;;;;;;;;;;;;;;;;;;;
2022;2022-15;12/06/2022;18/06/2022;7;Viagem de barco;Barco JJ Mesquita;Rio Negro;Lago Acajatuba;Igreja Presbiteriana de Vinhedo/SP;;;"Missionária Marilene ""Mel"" Santos";Marilda Rodrigues;212;18;29;165;109;24;26;59;468;109;381;102;55;224;1591;0;0;0;0;0;0;0;132;122;0;0;0;62;5;37;2;3;0;0;0;5;0;0;0;0;0;0;0;0;0;0;112;0;0;0;0;0;0;0;0;0;0;0;0;1;0;0;44;0;0;0;0;2;0;0;0;120;0;0;0;0;0;0;0;0;0;0;0;0;0;0;0;0;0;;;;;;;;;;;;;;;;;;;;;;;;;;;;;;;;;;;;;;;;;;;;;;;;;;;;;;;;;;;;;;;;;;;;;;;;;;;;;;;
2022;2022-16;12/06/2022;18/06/2022;7;Viagem de barco;Barco Linda Esperança;Rio Negro;Comunidades;Amazon Outreach;Calvary Church;;Pr. Ivan Laray;Dr. Djailson Rodrigues;358;116;28;214;70;21;7;42;535;79;416;137;35;244;1030;0;0;0;0;0;0;0;116;85;0;5;0;0;5;0;0;0;0;0;0;15;0;0;90;0;0;0;0;0;0;0;0;0;0;0;0;0;0;0;0;90;0;0;0;0;0;0;20;10;0;0;0;2;0;0;15;0;0;0;0;0;0;0;0;0;0;0;0;0;0;0;150;0;0;;;;;;;;;;;;;;;;;;;;;;;;;;;;;;;;;;;;;;;;;;;;;;;;;;;;;;;;;;;;;;;;;;;;;;;;;;;;;;;
2022;2022-17;16/06/2022;23/06/2022;8;Viagem de barco;Barco Amor e Esperança;Baixo Amazonas;Rio Uatumã;Amazon Outreach;Citizens Church Family (Plano, Texas);First Baptist Church of Palmetto (Palmetto, Flórida);Pr. Flávio Seleguim;Dr. Djailson Rodrigues;215;78;20;117;51;15;9;27;535;51;266;93;29;144;1086;0;0;0;0;0;0;0;80;88;0;83;0;0;5;0;0;0;0;0;0;6;0;0;0;0;0;0;0;0;0;0;0;0;0;0;0;0;0;0;0;0;0;0;0;0;0;0;0;0;0;13;0;1;0;0;82;60;0;0;0;82;124;0;0;0;0;0;0;0;0;0;0;0;0;;;;;;;;;;;;;;;;;;;;;;;;;;;;;;;;;;;;;;;;;;;;;;;;;;;;;;;;;;;;;;;;;;;;;;;;;;;;;;;
2022;2022-18;23/06/2022;30/06/2022;8;Viagem de barco;Barco Linda Esperança;Urucará;Lago do Carará;Amazon Outreach;New Beginnings Church (Longview, Texas);New Hope Jasper, EUA;Pr. Raimundo Wilson;Dr. Djailson Rodrigues;220;70;17;133;71;12;11;48;790;177;291;82;28;181;1235;0;0;0;0;0;0;0;80;93;0;52;0;0;5;11;0;0;0;0;0;2;0;0;0;0;0;0;0;0;0;1;0;0;0;0;0;0;0;0;0;25;0;0;0;0;0;0;50;0;0;8;0;2;0;0;0;0;0;0;0;114;0;0;0;0;0;0;0;0;1;0;0;0;0;;;;;;;;;;;;;;;;;;;;;;;;;;;;;;;;;;;;;;;;;;;;;;;;;;;;;;;;;;;;;;;;;;;;;;;;;;;;;;;
2022;2022-19;25/06/2022;03/07/2022;9;Viagem de barco;Barco Amor e Esperança;Baixo Amazonas;Urucurituba;Amazon Outreach;Stonegate;;Pr. Maelson;Enf. Edevanete Oliveira;279;101;23;155;61;11;6;44;304;0;343;112;32;199;1427;0;0;0;0;0;0;0;265;212;0;96;104;0;6;0;0;0;0;0;0;18;0;0;0;0;0;0;0;0;0;0;212;0;0;0;0;0;0;0;0;0;0;0;0;0;0;0;27;1;0;0;0;2;0;0;0;0;0;0;0;157;0;0;0;96;0;0;0;0;2;0;0;0;0;;;;;;;;;;;;;;;;;;;;;;;;;;;;;;;;;;;;;;;;;;;;;;;;;;;;;;;;;;;;;;;;;;;;;;;;;;;;;;;
2022;2022-20;23/06/2022;26/06/2022;4;Atendimento no CONPLEI;Carro;Maués;Maués;;;;-;Moisés Pinho;70;40;0;30;0;0;0;0;0;0;70;40;0;30;270;0;0;0;0;0;0;0;0;0;0;0;0;0;0;0;0;0;0;0;0;0;0;0;0;0;0;0;0;0;0;0;0;0;0;0;0;0;0;0;0;0;0;0;0;0;0;0;0;0;0;0;0;0;0;0;0;0;0;0;0;0;0;0;0;0;0;0;0;0;0;0;0;0;0;;;;;;;;;;;;;;;;;;;;;;;;;;;;;;;;;;;;;;;;;;;;;;;;;;;;;;;;;;;;;;;;;;;;;;;;;;;;;;;
2022;2022-21;02/07/2022;07/07/2022;6;Viagem de barco;Barco JJ Mesquita;Rio Solimões;Comunidades;Northwoods Church;;;Pr. Eustáquio Fortunato;Christiane Ribeiro;145;59;9;77;49;25;5;19;490;106;194;84;14;96;774;0;0;0;0;0;0;0;119;94;0;10;5;25;4;1;0;0;0;0;0;4;0;0;0;0;0;2;0;0;1;1;200;1;10;0;2;0;0;0;0;25;0;0;0;0;0;0;48;4;0;0;0;2;0;0;8;0;0;0;0;14;0;0;0;0;0;0;0;0;0;0;0;0;0;;;;;;;;;;;;;;;;;;;;;;;;;;;;;;;;;;;;;;;;;;;;;;;;;;;;;;;;;;;;;;;;;;;;;;;;;;;;;;;
2022;2022-22;07/07/2022;10/07/2022;4;Atendimento no Musical;Carro;Manaus;Musical - IPManaus Pedras Vivas;;;;Pr. Wellighton Gomes;Enf. Edevanete Oliveira;208;28;15;165;0;0;0;0;0;0;235;31;18;186;1077;0;27;0;0;0;0;0;0;0;0;0;0;0;4;0;0;0;0;29;0;82;2;0;0;0;0;0;0;30;0;2;0;0;0;0;69;2;171;82;8;0;0;0;0;0;0;37;36;0;0;0;0;0;0;0;0;0;0;0;0;0;0;0;0;0;0;0;0;0;0;0;0;0;0;;;;;;;;;;;;;;;;;;;;;;;;;;;;;;;;;;;;;;;;;;;;;;;;;;;;;;;;;;;;;;;;;;;;;;;;;;;;;;;
2022;2022-23;10/07/2022;16/07/2022;7;Viagem de barco;Barco JJ Mesquita;Rio Solimões;Comunidades;Mackenzie;;;Pr. Eustáquio Fortunato;Enf. Edevanete Oliveira;208;88;6;114;96;24;11;61;991;250;304;112;17;175;1262;0;0;0;0;0;0;0;280;71;0;35;0;15;2;0;0;0;0;25;0;2;0;0;0;114;114;0;0;0;0;2;0;0;0;0;2;0;0;0;0;0;0;0;0;0;0;0;31;3;0;0;0;16;0;0;0;0;0;0;0;0;0;0;0;0;0;0;0;0;0;0;0;0;0;;;;;;;;;;;;;;;;;;;;;;;;;;;;;;;;;;;;;;;;;;;;;;;;;;;;;;;;;;;;;;;;;;;;;;;;;;;;;;;
2022;2022-24;20/07/2022;27/07/2022;8;Viagem de barco;Barco Cordeiro de Deus;Rio Solimões;Caapiranga;Asas de Socorro;;;Eunice Bueno Cunha de Menezes;Enf. Edevanete Oliveira;71;15;7;49;73;21;11;41;381;0;141;36;25;80;583;0;0;7;0;0;0;0;0;0;0;0;104;0;6;0;0;0;0;0;0;18;0;0;0;0;11;0;0;0;0;2;0;0;0;0;217;0;0;0;0;300;0;1;0;0;11;0;13;0;0;0;0;6;0;0;0;0;0;0;0;0;0;0;0;0;0;0;0;0;0;0;0;0;0;;;;;;;;;;;;;;;;;;;;;;;;;;;;;;;;;;;;;;;;;;;;;;;;;;;;;;;;;;;;;;;;;;;;;;;;;;;;;;;
2022;2022-25;24/07/2022;30/07/2022;7;Viagem de barco;Barco JJ Mesquita;Rio Negro;Comunidades;Igreja Presbiteriana de Brasília;;;Pr. Ivan Laray;Christiane Ribeiro;190;75;13;102;73;29;9;35;592;73;263;104;22;137;1063;0;0;2;0;0;0;0;121;61;0;0;205;56;5;0;0;0;0;0;0;5;0;0;0;0;0;1;0;0;0;1;128;1;1;0;5;0;0;0;0;67;0;0;0;0;0;4;46;6;0;0;0;3;0;0;0;60;0;0;0;0;67;0;0;0;0;0;0;0;0;0;0;0;0;;;;;;;;;;;;;;;;;;;;;;;;;;;;;;;;;;;;;;;;;;;;;;;;;;;;;;;;;;;;;;;;;;;;;;;;;;;;;;;
2022;2022-26;23/07/2022;30/07/2022;8;Viagem de barco;Barco Linda Esperança;Barreirinha;Rio Andirá;Amazon Outreach;Carpenter's Way Church;;Pr. Mário Sérgio;Dr. Djailson Rodrigues;197;65;6;126;126;21;21;84;672;102;281;86;27;168;1179;0;0;0;0;0;0;0;0;225;0;186;0;0;5;0;0;0;0;0;0;17;0;0;0;0;0;0;0;0;0;0;0;0;2;0;0;0;0;0;0;0;0;0;0;0;0;0;31;2;0;10;0;7;0;0;0;0;0;0;0;191;0;0;0;0;0;0;0;0;0;0;375;0;0;;;;;;;;;;;;;;;;;;;;;;;;;;;;;;;;;;;;;;;;;;;;;;;;;;;;;;;;;;;;;;;;;;;;;;;;;;;;;;;
2022;2022-27;28/07/2022;04/08/2022;8;Viagem de barco;Barco Amor e Esperança;Maués;Comunidades;Amazon Outreach;Gayer Springs;Lakefork Baptist;Ev. André Saterê;Enf. Edevanete Oliveira;218;68;20;130;39;14;2;23;280;42;257;82;22;153;1077;0;0;1;0;0;0;0;0;120;0;0;0;0;4;0;0;0;0;0;0;21;0;5;0;0;0;0;0;0;0;1;0;0;0;0;0;0;0;0;0;0;1;0;0;0;0;6;36;15;0;0;0;1;0;0;0;0;0;0;1;0;0;0;0;0;0;0;0;0;1;0;0;0;0;;;;;;;;;;;;;;;;;;;;;;;;;;;;;;;;;;;;;;;;;;;;;;;;;;;;;;;;;;;;;;;;;;;;;;;;;;;;;;;
2022;2022-28;13/08/2022;13/08/2022;1;Avanço Missionário;Carro;Presidente Figueredo;Igreja Presbiteriana Pde.Figueiredo;;;;Pr. Flávio Seleguim;Ana Maria Santos;20;8;3;9;11;1;2;8;46;18;31;9;5;17;127;0;12;4;0;0;0;0;0;0;0;0;0;20;2;0;0;0;0;0;0;0;0;0;0;0;0;0;0;0;0;0;0;0;0;0;0;0;0;0;0;18;0;0;0;0;0;0;0;0;0;0;0;0;0;0;0;0;8;0;0;0;0;0;0;0;0;0;0;0;0;0;0;0;0;;;;;;;;;;;;;;;;;;;;;;;;;;;;;;;;;;;;;;;;;;;;;;;;;;;;;;;;;;;;;;;;;;;;;;;;;;;;;;;
2022;2022-29;14/08/2022;22/08/2022;9;Viagem de barco;Barco Pró Amazônia;Rio Negro;Novo Ayrão;Igreja Presbiteriana de Novo Ayrão;;;Pr. Ivan Laray;Dr. Djailson Rodrigues;239;77;19;143;91;34;6;51;897;100;330;111;25;194;1378;0;0;0;0;0;0;0;146;64;0;0;0;35;14;28;0;0;0;0;0;6;0;1;0;0;0;0;0;0;0;0;0;0;0;0;0;0;0;0;0;0;0;0;0;0;0;0;59;0;0;0;0;4;0;0;0;0;0;0;0;30;0;0;0;0;0;0;0;0;0;0;0;0;0;;;;;;;;;;;;;;;;;;;;;;;;;;;;;;;;;;;;;;;;;;;;;;;;;;;;;;;;;;;;;;;;;;;;;;;;;;;;;;;
2022;2022-30;02/08/2022;09/08/2022;2;Ação missionária;Carro;Manaus;Inst. Transformando Vidas - Colônia Antônio Aleixo;;;;-;Dr. Djailson Rodrigues;0;0;0;0;27;24;3;0;227;27;27;24;3;0;81;0;0;0;0;0;0;0;0;0;0;0;0;0;0;0;0;0;0;0;0;0;0;0;0;0;0;0;0;0;0;0;0;0;0;0;0;0;0;0;0;0;0;0;0;0;0;0;0;0;0;0;0;0;0;0;0;0;0;0;0;0;0;0;0;0;0;0;0;0;0;0;0;0;0;;;;;;;;;;;;;;;;;;;;;;;;;;;;;;;;;;;;;;;;;;;;;;;;;;;;;;;;;;;;;;;;;;;;;;;;;;;;;;;
2022;2022-31;25/08/2022;25/08/2022;1;Avanço Missionário;Carro;Rio Solimões;Anamã;;;;Pr. Eustáquio Fortunato;Francileide Almeida;65;0;0;65;0;0;0;0;0;0;65;0;0;65;325;0;5;0;0;3;21;0;0;0;0;0;0;0;0;0;0;0;0;0;0;0;0;0;0;0;0;0;0;0;0;0;0;0;0;0;0;0;0;0;0;0;0;0;0;0;40;0;0;0;0;0;0;0;0;0;0;0;0;0;0;0;0;0;0;0;0;0;0;0;0;0;0;0;0;;;;;;;;;;;;;;;;;;;;;;;;;;;;;;;;;;;;;;;;;;;;;;;;;;;;;;;;;;;;;;;;;;;;;;;;;;;;;;;
2022;2022-32;04/09/2022;10/09/2022;7;Viagem de barco;Barco JJ Mesquita;Rio Negro;Comunidades;Igreja Sal da Terra;;;Pr. Ivan Laray;Enf. Edevanete Oliveira;234;79;22;133;56;7;8;41;388;56;290;86;30;174;1218;0;10;0;0;0;0;0;106;100;0;0;250;49;12;10;7;1;0;0;0;3;0;0;300;0;0;0;0;0;0;4;0;0;0;0;21;0;0;0;0;78;0;0;0;0;0;0;49;0;0;0;0;7;0;0;50;0;0;0;0;0;0;0;0;0;0;0;0;0;0;0;20;0;0;;;;;;;;;;;;;;;;;;;;;;;;;;;;;;;;;;;;;;;;;;;;;;;;;;;;;;;;;;;;;;;;;;;;;;;;;;;;;;;
2022;2022-33;17/09/2022;17/09/2022;1;Avanço Missionário;Carro;Cacau Pirêra;Igreja Presbiteriana de Cacau Pirêra;Projeto Tesouro do Cacau;;;Ev. Francisco Bruno de Oliveira;Enf. Edevanete Oliveira;36;19;3;14;22;4;7;11;104;120;58;23;10;25;224;0;0;0;0;0;0;0;113;0;0;0;0;0;1;0;0;0;0;0;0;0;0;0;0;0;0;0;0;0;0;0;0;0;0;0;0;0;0;0;0;1;0;0;0;0;0;0;0;0;0;0;0;0;0;0;0;0;0;0;0;0;0;0;0;0;0;3;3;0;0;0;0;0;0;;;;;;;;;;;;;;;;;;;;;;;;;;;;;;;;;;;;;;;;;;;;;;;;;;;;;;;;;;;;;;;;;;;;;;;;;;;;;;;
2022;2022-34;25/09/2022;01/10/2022;7;Viagem de barco;Barco JJ Mesquita;Rio Negro;Rio Cueiras;Igreja do Nazareno de Campinas/SP;;;Pr. Ivan Laray;Christiane Ribeiro;269;113;28;128;157;54;24;79;944;157;426;167;52;207;1692;0;0;0;0;0;0;0;215;63;0;0;50;28;4;0;0;0;0;0;0;16;0;0;0;0;0;0;0;0;0;0;250;0;0;0;16;0;0;0;0;19;16;0;0;0;0;0;20;1;0;0;0;2;0;0;1000;0;84;0;0;166;0;0;0;0;0;0;0;0;0;0;0;0;0;;;;;;;;;;;;;;;;;;;;;;;;;;;;;;;;;;;;;;;;;;;;;;;;;;;;;;;;;;;;;;;;;;;;;;;;;;;;;;;
2022;2022-35;09/10/2022;15/10/2022;7;Viagem de barco;Barco JJ Mesquita;Rio Negro;Novo Ayrão;Igreja Presbiteriana Central de Anápolis;;;Pr. Ivan Laray;Enf. Edevanete Oliveira;213;79;11;123;65;16;12;37;321;65;278;95;23;160;1154;0;0;0;0;0;0;0;126;97;0;0;80;34;5;0;0;0;0;0;0;7;0;5;480;0;0;0;0;0;0;1;380;0;0;0;17;0;0;0;0;0;15;0;0;0;0;0;35;0;0;0;0;2;0;0;580;150;190;0;0;0;0;0;0;0;0;0;0;0;0;12;0;0;0;;;;;;;;;;;;;;;;;;;;;;;;;;;;;;;;;;;;;;;;;;;;;;;;;;;;;;;;;;;;;;;;;;;;;;;;;;;;;;;
2022;2022-36;06/10/2022;13/10/2022;8;Viagem de barco;Barco Amor e Esperança;Maués;Comunidades;Amazon Outreach;Del Sol Church;;Ev. André Saterê;Dr. Djailson Rodrigues;152;55;11;86;64;14;11;39;578;64;216;69;22;125;898;0;5;0;0;0;0;0;0;119;0;0;0;0;5;0;0;0;0;0;0;5;0;0;0;0;0;6;0;0;0;0;0;0;0;0;2;0;0;0;0;0;2;0;0;0;0;0;2;0;0;0;0;1;0;0;0;0;0;0;0;0;0;0;0;0;0;0;0;0;0;0;0;0;0;;;;;;;;;;;;;;;;;;;;;;;;;;;;;;;;;;;;;;;;;;;;;;;;;;;;;;;;;;;;;;;;;;;;;;;;;;;;;;;
2022;2022-37;21/10/2022;23/10/2022;3;Viagem de barco;Barco;Baixo Amazonas;Rio Uatumã;;;;Pr. Flávio Seleguim;Enf. Edevanete Oliveira;67;30;8;29;22;10;3;9;83;22;89;40;11;38;343;0;0;6;0;0;4;0;85;26;0;150;0;55;5;0;0;0;0;0;0;7;0;0;0;0;0;0;0;0;0;0;0;0;0;0;5;0;0;0;0;21;0;0;0;0;0;0;0;0;0;0;0;2;0;0;25;0;0;0;0;0;0;0;0;0;0;0;8;0;0;0;0;0;0;;;;;;;;;;;;;;;;;;;;;;;;;;;;;;;;;;;;;;;;;;;;;;;;;;;;;;;;;;;;;;;;;;;;;;;;;;;;;;;
2022;2022-38;23/10/2022;29/10/2022;7;Viagem de barco;Barco JJ Mesquita;Rio Negro;Comunidades;Islego Missions;;;Pr. Ivan Laray;Dr. Djailson Rodrigues;132;30;13;89;62;9;14;39;425;65;194;39;27;128;838;0;25;0;0;0;0;0;76;105;0;0;0;12;5;0;0;0;0;0;0;3;0;0;0;0;0;0;0;0;0;0;0;0;0;0;0;0;0;0;0;0;0;0;0;0;0;0;1;1;0;0;0;3;0;0;164;0;0;0;0;0;0;0;0;0;0;0;5;0;0;0;24;0;0;;;;;;;;;;;;;;;;;;;;;;;;;;;;;;;;;;;;;;;;;;;;;;;;;;;;;;;;;;;;;;;;;;;;;;;;;;;;;;;
2022;2022-39;05/11/2022;11/11/2022;7;Viagem de barco;Barco JJ Mesquita;Baixo Amazonas;Paraná do Ramos;Christ Community Church - CCC;;;Pr. Flávio Seleguim;Dr. Djailson Rodrigues;165;55;21;89;84;11;15;58;0;0;249;66;36;147;1041;0;0;0;0;0;0;0;0;0;0;0;0;0;0;0;0;0;0;0;0;0;0;0;0;0;0;0;0;0;0;0;0;0;0;0;0;0;0;0;0;0;0;0;0;0;0;0;0;0;0;0;0;0;0;0;0;0;0;0;0;0;0;0;0;0;0;0;0;0;0;0;0;0;0;;;;;;;;;;;;;;;;;;;;;;;;;;;;;;;;;;;;;;;;;;;;;;;;;;;;;;;;;;;;;;;;;;;;;;;;;;;;;;;
2022;2022-40;28/11/2022;28/11/2022;1;Ação missionária;Carro;Manaus;Lago Puraquequara;Asas de Socorro;;;Eunice Bueno Cunha de Menezes;Enf. Edevanete Oliveira;0;0;0;0;28;4;4;20;165;0;28;4;4;20;124;0;0;0;0;0;0;0;0;0;0;0;0;0;0;0;0;0;0;0;0;0;0;0;0;0;0;0;0;0;0;0;0;0;0;0;0;0;0;0;0;0;0;0;0;0;0;0;0;0;0;0;0;0;0;0;0;0;0;0;0;0;0;0;0;0;0;0;0;0;0;0;0;0;0;;;;;;;;;;;;;;;;;;;;;;;;;;;;;;;;;;;;;;;;;;;;;;;;;;;;;;;;;;;;;;;;;;;;;;;;;;;;;;;
2023;2023-01;28/01/2023;28/01/2023;1;Avanço Missionário;Carro;Iranduba;Escola Municipal Chico Mendes, Lago do Limão;;;;Pr. Flávio Seleguim;Christiane Ribeiro;59;20;4;35;22;6;4;12;100;50;81;26;8;47;337;0;11;1;0;0;0;0;28;0;0;0;0;9;1;0;0;0;0;0;0;1;0;0;0;0;0;0;0;0;0;0;0;0;0;0;0;0;0;0;0;0;0;0;0;0;0;0;9;0;0;0;0;9;0;0;0;0;0;0;0;0;0;0;0;0;0;0;9;0;0;0;0;0;0;;;;;;;;;;;;;;;;;;;;;;;;;;;;;;;;;;;;;;;;;;;;;;;;;;;;;;;;;;;;;;;;;;;;;;;;;;;;;;;
2023;2023-02;15/02/2023;15/02/2023;1;Avanço Missionário;Barco Jesus a Esperança;Rio Solimões;Comunidade Bela Vista;Reformed Church in America (RCA);;;Pr. Flávio Seleguim;Dr. Djailson Rodrigues;44;8;3;33;19;6;3;10;119;19;63;14;6;43;0;0;0;0;0;0;0;0;8;20;0;0;0;0;1;0;0;0;0;0;0;0;0;0;0;0;0;0;0;0;0;0;0;0;0;0;1;0;0;0;0;0;0;0;0;0;0;0;1;0;0;0;0;3;0;0;0;0;0;0;0;38;0;0;0;0;0;0;0;0;0;0;0;0;0;;;;;;;;;;;;;;;;;;;;;;;;;;;;;;;;;;;;;;;;;;;;;;;;;;;;;;;;;;;;;;;;;;;;;;;;;;;;;;;
2023;2023-03;11/03/2023;17/03/2023;7;Viagem de barco;Barco Linda e Esperança;Baixo Amazonas;Paraná do Ramos;Mission Church, EUA;;;Pr. Raimundo Wilson;Dr. Djailson Rodrigues;187;59;18;110;50;6;7;37;712;148;237;65;25;147;1005;0;0;0;0;0;0;0;200;85;0;48;0;32;4;0;0;0;0;0;0;0;0;0;0;0;0;0;0;0;0;0;0;0;0;0;0;0;0;0;0;0;0;0;0;0;0;0;0;0;0;0;0;0;0;0;0;0;0;0;0;54;0;0;0;0;0;0;0;0;0;0;0;0;0;;;;;;;;;;;;;;;;;;;;;;;;;;;;;;;;;;;;;;;;;;;;;;;;;;;;;;;;;;;;;;;;;;;;;;;;;;;;;;;
2023;2023-04;19/03/2023;25/03/2023;7;Viagem de barco;Barco JJ Mesquita;Rio Negro;Lago Acajatuba;Islego Missions;;;Pr. Ivan Laray;Christiane Ribeiro;264;83;24;157;84;18;13;53;612;146;348;101;37;210;1464;0;49;0;0;0;0;0;124;105;0;0;0;45;4;25;2;6;0;0;0;3;0;0;0;0;0;0;0;0;0;0;0;0;0;0;5;0;0;0;0;0;1;0;0;0;0;0;130;0;0;0;0;2;0;0;13;0;0;0;0;0;0;0;0;0;0;0;0;1;0;0;0;0;0;;;;;;;;;;;;;;;;;;;;;;;;;;;;;;;;;;;;;;;;;;;;;;;;;;;;;;;;;;;;;;;;;;;;;;;;;;;;;;;
2023;2023-05;25/03/2023;25/03/2023;1;Avanço Missionário;Carro;Iranduba;Vila Maniquara;;;;Thayse Araújo;Kquinda Soares;26;4;0;22;8;1;0;7;80;0;34;5;0;29;160;0;0;0;0;0;0;0;11;12;0;0;0;22;1;0;0;0;0;0;0;3;0;0;0;0;0;0;0;0;0;0;0;0;0;0;0;0;0;0;0;0;0;0;0;0;0;0;2;0;0;0;0;1;0;0;10;0;0;0;0;38;0;0;0;0;0;4;2;0;0;0;0;0;0;;;;;;;;;;;;;;;;;;;;;;;;;;;;;;;;;;;;;;;;;;;;;;;;;;;;;;;;;;;;;;;;;;;;;;;;;;;;;;;
2023;2023-06;02/04/2023;07/04/2023;6;Viagem de barco;Barco JJ Mesquita;Rio Negro;Rio Cuieiras;Igreja Sal da Terra;;;Pr. Ivan Laray;Christiane Ribeiro;172;67;10;95;67;24;6;37;476;72;239;91;16;132;981;0;0;9;0;0;0;0;151;113;0;40;0;42;5;10;3;2;0;0;0;3;0;0;50;0;0;0;0;0;0;0;80;0;0;0;3;0;0;0;0;50;1;0;0;0;0;0;135;1;0;0;0;3;0;0;0;0;44;0;0;0;0;0;0;0;0;0;0;5;0;0;0;0;0;;;;;;;;;;;;;;;;;;;;;;;;;;;;;;;;;;;;;;;;;;;;;;;;;;;;;;;;;;;;;;;;;;;;;;;;;;;;;;;
2023;2023-07;06/04/2023;09/04/2023;4;Atendimento no Musical;Carro;Manaus;IPM - Pedras Vivas;;;;Pr. Wellighton Gomes;Ana Maria Monteiro;0;0;0;0;0;0;0;0;0;0;370;0;0;0;0;0;11;0;0;0;0;0;0;0;0;0;0;0;0;0;0;0;0;1;0;4;0;0;0;0;0;0;0;0;0;1;0;0;0;0;8;2;50;0;5;0;0;0;0;0;0;0;0;0;0;0;0;0;0;0;0;0;0;0;0;0;0;0;0;0;0;0;0;0;0;0;0;0;0;;;;;;;;;;;;;;;;;;;;;;;;;;;;;;;;;;;;;;;;;;;;;;;;;;;;;;;;;;;;;;;;;;;;;;;;;;;;;;;
2023;2023-08;16/04/2023;26/04/2023;11;Viagem de barco;Barco Pró Amazônia;Rio Negro;Rio Unini;Igreja Sal da Terra;;;Pr. Ivan Laray;Christiane Ribeiro;258;93;18;147;108;34;29;45;584;90;348;127;29;49;1428;0;0;0;0;0;0;0;122;55;0;15;0;0;8;0;0;0;0;3;0;5;0;0;0;0;0;0;0;0;0;1;0;0;0;0;20;0;0;0;0;0;0;0;0;0;0;0;26;0;0;0;0;0;0;0;20;0;0;0;0;0;0;0;0;0;0;0;0;0;0;0;0;0;0;;;;;;;;;;;;;;;;;;;;;;;;;;;;;;;;;;;;;;;;;;;;;;;;;;;;;;;;;;;;;;;;;;;;;;;;;;;;;;;
2023;2023-09;29/04/2023;29/04/2023;1;Avanço Missionário;Carro;Iranduba;Ramal Cemitério;;;;Thayse Araújo;Dr. Djailson Rodrigues;43;18;3;22;26;11;4;11;194;0;69;29;7;33;273;0;0;5;0;0;0;0;18;0;0;0;0;5;1;0;0;0;0;0;0;1;0;0;0;0;0;0;0;0;0;0;0;0;0;0;0;0;0;0;0;0;0;0;0;0;0;0;5;0;0;0;0;0;0;0;0;0;0;0;0;0;0;0;0;0;0;0;0;0;0;0;0;0;0;;;;;;;;;;;;;;;;;;;;;;;;;;;;;;;;;;;;;;;;;;;;;;;;;;;;;;;;;;;;;;;;;;;;;;;;;;;;;;;
2023;2023-10;10/05/2023;10/05/2023;1;Ação missionária;Carro;Manaus;CTM Tarumã;;;;-;Dr. Djailson Rodrigues;0;0;0;0;14;3;0;11;138;14;14;3;0;11;64;0;0;0;0;0;0;0;0;0;0;0;0;0;0;0;0;0;0;0;0;0;0;0;0;0;0;0;0;0;0;0;0;0;0;0;0;0;0;0;0;0;0;0;0;0;0;0;0;0;0;0;0;0;0;0;0;0;0;0;0;0;0;0;0;0;0;0;0;0;0;0;0;0;0;;;;;;;;;;;;;;;;;;;;;;;;;;;;;;;;;;;;;;;;;;;;;;;;;;;;;;;;;;;;;;;;;;;;;;;;;;;;;;;
2023;2023-11;25/05/2023;01/06/2023;8;Viagem de barco;Barco Amor e Esperança;Barreirinha;Rio Andirá;;;;Pr. Mário Sérgio;Francileide Almeida;280;168;13;99;72;18;16;38;280;102;352;186;29;137;1330;0;0;0;0;0;0;0;434;173;0;0;200;302;5;0;0;0;0;0;0;0;0;0;0;0;0;0;0;0;0;0;0;0;0;0;0;0;0;0;0;0;0;0;0;0;0;0;0;0;0;0;0;0;0;0;0;0;0;0;0;201;0;0;0;0;0;0;0;0;0;0;0;0;0;;;;;;;;;;;;;;;;;;;;;;;;;;;;;;;;;;;;;;;;;;;;;;;;;;;;;;;;;;;;;;;;;;;;;;;;;;;;;;;
2023;2023-12;26/05/2023;01/06/2023;7;Viagem de barco;Barco JJ Mesquita;Baixo Amazonas;Paraná do Ramos;Christ Community Church, EUA;;;Pr. Flávio Seleguim;Christiane Ribeiro;37;14;0;23;72;14;8;50;566;72;109;28;8;73;473;0;0;0;0;0;0;0;125;82;30;53;0;23;4;0;0;0;0;0;0;1;0;0;0;0;0;0;0;0;0;0;0;0;0;0;0;0;0;0;0;0;0;0;0;0;0;0;27;1;0;0;0;1;0;0;0;0;0;0;0;0;0;180;32;0;0;0;3;0;0;0;180;0;0;;;;;;;;;;;;;;;;;;;;;;;;;;;;;;;;;;;;;;;;;;;;;;;;;;;;;;;;;;;;;;;;;;;;;;;;;;;;;;;
2023;2023-13;27/05/2023;03/06/2023;8;Viagem de barco;Barco Linda e Esperança;Urucará;Rio Carará;;;;Pr. Raimundo Wilson;Dr. Djailson Rodrigues;162;17;21;124;45;18;6;21;500;45;257;85;27;145;1061;0;40;0;0;0;0;0;181;99;0;113;200;28;4;0;0;0;0;0;0;0;0;0;0;0;0;0;0;0;0;0;0;0;0;0;0;0;0;0;0;0;0;0;0;0;0;0;0;0;0;0;0;0;0;0;0;0;0;0;0;116;0;0;0;0;0;0;0;0;0;0;0;0;0;;;;;;;;;;;;;;;;;;;;;;;;;;;;;;;;;;;;;;;;;;;;;;;;;;;;;;;;;;;;;;;;;;;;;;;;;;;;;;;
2023;2023-14;03/06/2023;09/06/2023;7;Viagem de barco;Barco JJ Mesquita;Baixo Amazonas;Amatari;-;;;Pr. Flávio Seleguim;Christiane Ribeiro;490;178;33;279;114;36;21;57;554;228;604;214;54;336;2484;0;0;0;0;0;0;0;0;0;0;0;0;0;4;0;0;0;0;0;0;14;0;0;0;0;0;2;0;0;0;0;0;0;0;0;3;0;0;0;0;83;12;0;0;0;0;0;279;0;0;73;0;2;0;0;0;0;0;0;0;61;0;0;0;0;0;0;0;0;0;0;0;0;0;;;;;;;;;;;;;;;;;;;;;;;;;;;;;;;;;;;;;;;;;;;;;;;;;;;;;;;;;;;;;;;;;;;;;;;;;;;;;;;
2023;2023-15;03/06/2023;10/06/2023;8;Viagem de barco;Barco Amor e Esperança;Autazes;Rio Autazes;Amazon Outreach;First Baptist Church (Tyler, Texas);;Pr. Eustáquio Fortunato;André Lima;451;178;48;225;125;26;22;77;460;110;579;207;70;302;2341;0;0;0;0;0;0;0;381;153;0;160;0;0;5;0;0;0;0;0;0;0;0;0;0;0;0;0;0;0;0;0;0;0;0;0;0;0;0;0;0;0;0;0;0;0;0;0;0;0;0;0;0;0;0;0;0;0;0;0;0;146;0;0;0;0;0;0;0;0;1;0;0;0;0;;;;;;;;;;;;;;;;;;;;;;;;;;;;;;;;;;;;;;;;;;;;;;;;;;;;;;;;;;;;;;;;;;;;;;;;;;;;;;;
2023;2023-16;10/06/2023;16/06/2023;7;Viagem de barco;Barco Linda e Esperança;Baixo Amazonas;Baixo Amazonas;Amazon Outreach;New Beginnings Church (Longview, Texas);;Pr. Raimundo Wilson;Dr. Djailson Rodrigues;261;99;71;91;41;11;14;16;0;0;302;110;85;107;1120;0;0;0;0;0;0;0;131;90;0;113;45;10;3;0;0;0;0;0;0;0;0;604;0;0;0;0;0;0;0;0;0;0;0;0;0;0;0;0;0;0;0;0;0;0;0;0;0;0;0;0;0;0;0;0;0;0;0;0;0;84;0;0;0;0;0;0;0;0;0;0;0;0;0;;;;;;;;;;;;;;;;;;;;;;;;;;;;;;;;;;;;;;;;;;;;;;;;;;;;;;;;;;;;;;;;;;;;;;;;;;;;;;;
2023;2023-17;16/06/2023;22/06/2023;7;Viagem de barco;Barco Amor e Esperança;Baixo Amazonas;Rio Uatumã;Amazon Outreach;Citizens Church Family (Plano, Texas);;Ev. José Carlos;Dr. Djailson Rodrigues;121;42;6;73;35;7;5;23;334;85;156;49;11;96;660;0;0;0;0;0;0;0;65;54;0;65;0;15;3;0;0;0;0;0;0;0;0;432;0;0;0;0;0;0;0;0;0;0;0;0;0;0;0;0;0;0;0;0;0;0;0;0;0;0;0;0;0;0;0;0;0;117;0;0;0;63;0;0;0;0;0;0;0;0;0;0;0;0;0;;;;;;;;;;;;;;;;;;;;;;;;;;;;;;;;;;;;;;;;;;;;;;;;;;;;;;;;;;;;;;;;;;;;;;;;;;;;;;;
2023;2023-18;19/06/2023;26/06/2023;8;Viagem de barco;Barco Linda e Esperança;Baixo Amazonas;Urucurituba;Amazon Outreach;New Life Crossgate Church, EUA;;Sirineu Oliveira Cativo;Enf. Edevanete Oliveira;534;166;60;308;53;14;11;28;357;53;587;180;71;336;2433;0;0;0;0;0;13;0;527;239;0;150;231  (100);42;6;37;0;0;0;3;0;7;0;0;0;0;0;0;0;0;0;0;0;0;0;0;0;0;0;0;0;0;0;0;0;0;0;0;0;4;0;17;0;0;0;0;114;35;0;0;0;677 (500) Sol;0;0;0;140;0;0;0;0;0;0;0;0;0;;;;;;;;;;;;;;;;;;;;;;;;;;;;;;;;;;;;;;;;;;;;;;;;;;;;;;;;;;;;;;;;;;;;;;;;;;;;;;;
2023;2023-19;02/07/2023;08/07/2023;7;Viagem de barco;Barco JJ Mesquita;Rio Negro;Rio Negro;Mackenzie;;;Pr. Ivan Laray;Enf. Edevanete Oliveira;235;76;18;141;104;29;16;59;700;104;339;105;34;200;1417;0;0;0;0;0;0;0;130;89;7;0;0;82;5;11;3;3;0;5;0;10;0;0;187;0;0;0;0;0;0;0;0;0;0;0;9;0;0;0;0;187;0;0;0;0;0;0;141;6;0;0;0;8;0;0;482;0;0;0;0;17;612;182;5;0;0;0;0;0;0;0;26;0;0;;;;;;;;;;;;;;;;;;;;;;;;;;;;;;;;;;;;;;;;;;;;;;;;;;;;;;;;;;;;;;;;;;;;;;;;;;;;;;;
2023;2023-20;06/07/2023;14/07/2023;9;Viagem de barco;Barco Amor e Esperança;Baixo Amazonas;Barreirinha;Amazon Outreach;Carpenters Church, EUA;;Pr. Mário Sérgio;Dr. Djailson Rodrigues;371;110;19;242;112;36;16;60;1069;0;483;146;35;302;2053;0;0;0;0;0;0;0;433;401;0;0;266;22;6;0;0;0;0;0;0;0;0;656;0;0;0;0;0;0;0;0;0;0;0;0;0;0;0;0;0;0;0;0;0;0;0;0;0;0;0;0;0;0;0;0;0;360;0;0;0;437;0;0;0;0;0;0;0;0;0;0;0;0;0;;;;;;;;;;;;;;;;;;;;;;;;;;;;;;;;;;;;;;;;;;;;;;;;;;;;;;;;;;;;;;;;;;;;;;;;;;;;;;;
2023;2023-21;16/07/2023;21/07/2023;6;Viagem de barco;Barco JJ Mesquita;Rio Solimões;Lagos Rio Solimões;Northwoods Church;;;Pr. Eustáquio Fortunato;Christiane Ribeiro;147;55;9;83;69;24;13;32;389;32;216;79;22;115;878;0;0;0;0;0;0;0;387;171;0;0;450;31;7;0;0;0;0;0;0;6;0;0;0;0;0;0;0;0;0;1;0;1;0;0;5;0;0;0;0;0;0;0;0;0;0;0;83;1;0;0;0;0;0;0;12;0;23;0;0;0;0;0;250;0;0;0;6;0;0;0;240;0;0;;;;;;;;;;;;;;;;;;;;;;;;;;;;;;;;;;;;;;;;;;;;;;;;;;;;;;;;;;;;;;;;;;;;;;;;;;;;;;;
2023;2023-22;13/07/2023;20/07/2023;8;Viagem de barco;Barco Linda e Esperança;Baixo Amazonas;Rio Uatumã;Amazon Outreach;New Hope Jasper, EUA;;Pr. Raimundo Wilson;Dr. Djailson Rodrigues;256;104;11;141;77;18;2;57;742;165;0;0;0;0;0;0;0;0;0;0;0;0;217;109;0;72;0;23;5;0;0;0;0;0;0;0;0;0;0;0;0;0;0;0;0;0;0;0;0;0;0;0;0;0;0;0;0;0;0;0;0;0;0;0;0;0;0;0;0;14;20;0;0;0;0;232;0;0;0;0;0;0;0;0;0;0;0;0;0;;;;;;;;;;;;;;;;;;;;;;;;;;;;;;;;;;;;;;;;;;;;;;;;;;;;;;;;;;;;;;;;;;;;;;;;;;;;;;;
2023;2023-23;22/07/2023;29/07/2023;8;Viagem de barco;Barco Linda e Esperança;Rio Purus;Beruri;Amazon Outreach;Geyer Springs Church, EUA;;Pr. Franklin Carvalho;Leonardo Magalhães;328;139;26;163;100;19;18;63;575;100;428;158;44;226;1736;0;0;0;0;0;0;0;358;435;0;139;0;0;5;0;0;0;0;0;0;0;0;0;0;0;0;0;0;0;0;0;0;0;0;0;0;0;0;0;0;0;0;0;0;0;0;0;0;0;0;0;0;0;0;0;0;0;0;0;0;275;0;0;0;0;0;0;0;0;0;0;0;0;0;;;;;;;;;;;;;;;;;;;;;;;;;;;;;;;;;;;;;;;;;;;;;;;;;;;;;;;;;;;;;;;;;;;;;;;;;;;;;;;
2023;2023-24;23/07/2023;29/07/2023;7;Viagem de barco;Barco JJ Mesquita;Rio Solimões;Rio Solimoes;Stetson Ministries, EUA;;;Pr. Eustáquio Fortunato;Christiane Ribeiro;353;112;28;213;147;35;14;98;1158;0;500;147;42;311;2122;0;0;0;0;0;28;0;388;40;32;0;0;43;7;126;0;0;0;0;0;6;0;0;0;0;0;0;0;0;0;2;0;0;0;0;9;0;0;0;0;0;1;0;0;0;0;0;213;1;0;0;0;2;0;0;0;0;0;0;0;0;0;0;0;0;0;0;4;0;0;0;0;0;0;;;;;;;;;;;;;;;;;;;;;;;;;;;;;;;;;;;;;;;;;;;;;;;;;;;;;;;;;;;;;;;;;;;;;;;;;;;;;;;
2023;2023-25;27/07/2023;03/08/2023;8;Viagem de barco;Barco Amor e Esperança;Rio Solimões;Codajás;Amazon Outreach;Bethel Bible-Amazon;;Victor Bastos;Dra. Alessandra Raiol;256;66;14;176;51;20;7;24;248;0;307;86;21;200;1321;0;10;0;0;0;0;0;254;68;0;83;56;0;5;0;0;0;0;0;0;0;0;0;0;0;0;0;0;0;0;0;0;0;0;0;0;0;0;0;0;0;0;0;0;0;0;0;0;0;0;0;0;0;0;0;0;117;89;0;0;314;0;0;0;0;0;0;0;0;0;0;0;0;0;;;;;;;;;;;;;;;;;;;;;;;;;;;;;;;;;;;;;;;;;;;;;;;;;;;;;;;;;;;;;;;;;;;;;;;;;;;;;;;
2023;2023-26;30/07/2023;05/08/2023;7;Viagem de barco;Barco JJ Mesquita;Rio Solimões;Rio Solimões;Northland Church, EUA;;;Pr. Eustáquio Fortunato;Christiane Ribeiro;302;99;24;179;90;17;10;63;450;100;392;116;34;242;1660;0;0;0;0;0;0;0;119;141;0;0;25;44;7;0;0;0;0;0;0;5;0;0;0;0;0;2;0;0;0;2;0;0;0;0;0;0;0;0;0;0;2;0;0;0;0;0;174;4;0;0;0;0;0;0;62;0;0;0;0;46;0;12;141;0;0;0;0;0;0;0;0;0;0;;;;;;;;;;;;;;;;;;;;;;;;;;;;;;;;;;;;;;;;;;;;;;;;;;;;;;;;;;;;;;;;;;;;;;;;;;;;;;;
2023;2023-27;03/08/2023;10/08/2023;8;Viagem de barco;Barco Amor e Esperança;Rio Negro;Rio Uninim;Amazon Outreach;Coppell Bible Church (Coppell, Texas);;Pr. Ivan Laray;Dr. Djailson Rodrigues;126;34;9;83;45;16;6;23;0;0;171;50;15;106;473;0;0;0;0;0;0;0;191;85;0;60;100;75;5;25;0;0;0;0;0;0;0;0;0;0;0;0;0;0;0;0;0;0;0;0;0;0;0;0;0;0;0;0;0;0;0;0;0;0;0;0;0;0;0;0;0;100;0;0;0;155;0;0;0;0;0;0;0;0;0;0;0;0;0;;;;;;;;;;;;;;;;;;;;;;;;;;;;;;;;;;;;;;;;;;;;;;;;;;;;;;;;;;;;;;;;;;;;;;;;;;;;;;;
2023;2023-28;27/08/2023;02/09/2023;7;Viagem de barco;Barco JJ Mesquita;Rio Negro;Rio Negro;Igreja Batista Millenium de Brasília;;;Ev. Daniel Pontes;Christiane Ribeiro;142;46;9;87;47;3;7;37;507;37;189;49;16;124;855;0;0;0;0;0;0;0;126;68;16;36;80;27;5;31;0;0;0;3;0;4;0;0;0;0;0;0;0;0;0;0;200;0;0;0;0;0;0;0;0;0;0;0;0;0;0;0;0;0;0;0;0;0;0;0;125;0;0;0;0;0;0;0;0;0;0;0;0;0;0;0;0;0;0;;;;;;;;;;;;;;;;;;;;;;;;;;;;;;;;;;;;;;;;;;;;;;;;;;;;;;;;;;;;;;;;;;;;;;;;;;;;;;;
2023;2023-29;03/09/2023;09/09/2023;7;Viagem de barco;Barco Serguem Silva;Rio Solimões;Rio Solimões;Centro Universitário Armando Alvares Penteado (FAAP), Curso de Direito, São Paulo;;;Pr. Eustáquio Fortunato;Dr. Djailson Rodrigues;171;54;22;95;63;10;9;44;731;0;234;64;31;139;980;0;0;0;0;0;0;0;150;0;0;0;0;8;4;0;0;0;0;0;0;0;0;0;0;0;0;0;0;0;0;0;600;0;0;0;2;0;0;0;0;25;1;0;0;0;0;0;2;0;0;0;0;4;0;0;0;0;0;66;0;0;0;400;68;0;0;8;20;0;0;0;0;0;0;;;;;;;;;;;;;;;;;;;;;;;;;;;;;;;;;;;;;;;;;;;;;;;;;;;;;;;;;;;;;;;;;;;;;;;;;;;;;;;
2023;2023-30;03/09/2023;09/09/2023;7;Viagem de barco;Barco JJ Mesquita;Rio Negro;Rio Negro;Igreja Presbiteriana de Anápolis;;;Pr. Ivan Laray;Christiane Ribeiro;214;65;12;137;82;25;13;44;510;81;296;90;25;181;1250;0;0;0;0;0;0;0;73;96;16;36;120;24;6;1;0;0;0;0;0;14;0;0;0;0;0;0;0;0;0;0;19;0;0;0;9;0;0;0;0;0;11;0;0;0;0;0;25;3;0;0;0;5;0;0;0;100;0;0;0;97;0;60;190;0;0;0;0;0;0;0;0;0;0;;;;;;;;;;;;;;;;;;;;;;;;;;;;;;;;;;;;;;;;;;;;;;;;;;;;;;;;;;;;;;;;;;;;;;;;;;;;;;;
2023;2023-31;10/09/2023;16/09/2023;7;Viagem de barco;Barco JJ Mesquita;Rio Negro;Rio Negro;Calvary Bible Church, EUA;;;Pr. Ivan Laray;Christiane Ribeiro;211;63;14;134;101;28;21;52;1132;106;312;91;35;186;1308;0;0;0;0;0;0;0;130;64;10;28;0;29;5;22;0;0;0;0;0;12;0;0;0;0;0;5;0;0;0;0;0;0;0;0;5;0;0;0;0;0;0;0;0;0;0;0;28;6;0;0;0;1;0;0;56;0;0;0;0;99;0;0;64;0;0;0;0;6;0;0;100;0;0;;;;;;;;;;;;;;;;;;;;;;;;;;;;;;;;;;;;;;;;;;;;;;;;;;;;;;;;;;;;;;;;;;;;;;;;;;;;;;;
2023;2023-32;16/09/2023;16/09/2023;1;Ação missionária;Carro;Manaus;ICTR - Bairro da União;;;;Ev. Rogério Barbosa;Rosa Maria Nunes;79;7;16;56;18;6;0;12;358;0;97;13;16;68;427;0;22;10;0;0;0;0;70;0;0;0;0;0;1;0;0;0;0;0;0;2;0;0;0;0;0;0;0;0;0;0;0;0;0;0;0;0;0;0;0;45;0;0;0;0;0;0;20;3;0;0;0;0;0;0;100;0;41;0;0;0;0;0;0;0;0;87;0;0;0;0;0;0;0;;;;;;;;;;;;;;;;;;;;;;;;;;;;;;;;;;;;;;;;;;;;;;;;;;;;;;;;;;;;;;;;;;;;;;;;;;;;;;;
2023;2023-33;29/09/2023;06/10/2023;8;Viagem de barco;Barco JJ Mesquita;Baixo Amazonas;Paraná do Ramos;Faith Church, EUA;;;Pr. Flávio Seleguim;Christiane Ribeiro;232;89;18;125;96;24;11;61;708;150;328;113;29;186;1356;0;0;0;0;0;0;0;310;117;0;39;0;7;3;0;0;0;0;0;0;2;0;0;0;0;0;10;0;0;0;0;0;0;0;0;6;0;0;0;0;0;0;0;0;0;0;0;18;8;0;0;0;5;0;0;7;0;0;0;0;0;0;0;156;0;0;0;0;0;0;0;0;0;0;;;;;;;;;;;;;;;;;;;;;;;;;;;;;;;;;;;;;;;;;;;;;;;;;;;;;;;;;;;;;;;;;;;;;;;;;;;;;;;
2023;2023-34;29/09/2023;06/10/2023;8;Viagem de barco;Barco Amor e Esperança;Baixo Amazonas;Rio Uatumã;Amazon Outreach;Del Sol Church, EUA;;Ev. José Carlos;Dr. Djailson Rodrigues;248;30;13;205;35;4;3;28;344;250;283;34;16;233;1315;0;0;0;0;0;0;0;90;32;0;64;44;16;5;0;0;0;0;0;0;0;;0;0;0;0;0;0;0;0;0;0;0;0;0;0;0;0;0;0;0;0;0;0;0;0;0;0;0;0;0;0;0;0;0;0;0;0;0;0;35;0;0;0;0;0;0;0;0;0;0;0;0;0;;;;;;;;;;;;;;;;;;;;;;;;;;;;;;;;;;;;;;;;;;;;;;;;;;;;;;;;;;;;;;;;;;;;;;;;;;;;;;;
2023;2023-35;08/10/2023;14/10/2023;7;Viagem de barco;Barco JJ Mesquita;Rio Negro;Rio Negro;Islego Missions;;;Pr. Ivan Laray;Christiane Ribeiro;100;33;5;62;44;9;7;28;204;46;144;42;12;90;612;0;30;0;0;0;0;0;125;48;0;15;0;25;5;3;3;0;0;0;0;5;0;0;0;0;0;0;0;0;0;0;0;0;0;0;0;0;0;0;0;0;0;0;0;0;0;0;20;2;0;18;0;0;0;0;24;77;0;0;0;45;0;0;48;0;0;0;0;0;0;0;0;0;0;;;;;;;;;;;;;;;;;;;;;;;;;;;;;;;;;;;;;;;;;;;;;;;;;;;;;;;;;;;;;;;;;;;;;;;;;;;;;;;
2023;2023-36;27/10/2023;29/10/2023;2;Avanço Missionário;Carro;Autazes;Rio Autazes/Iguapenú;;;;Pr. Eustáquio Fortunato;Kquinda Soares;65;12;7;46;29;2;7;20;155;21;94;14;14;66;414;0;19;8;0;0;0;0;43;15;7;18;0;40;2;0;0;0;0;0;0;0;0;0;0;0;0;0;0;0;0;0;0;0;0;0;0;0;0;0;0;0;0;0;0;0;0;0;22;0;0;0;0;0;0;0;0;0;44;0;0;0;0;0;0;0;0;6;0;0;0;0;0;0;0;;;;;;;;;;;;;;;;;;;;;;;;;;;;;;;;;;;;;;;;;;;;;;;;;;;;;;;;;;;;;;;;;;;;;;;;;;;;;;;
2023;2023-37;27/10/2023;29/10/2023;2;Atendimento no CONPLEI;Carro;Manaus; Aldeia Waikiru, bairro Tarumã;;;;-;Moisés Pinho;0;0;0;0;0;0;0;0;0;0;80;16;21;43;326;0;0;0;0;0;0;0;0;0;0;0;0;0;2;0;0;0;0;0;0;0;0;0;0;0;0;0;0;0;0;0;0;0;0;0;0;0;0;0;0;0;0;0;0;0;0;0;0;0;0;0;0;0;0;0;0;0;0;0;0;0;0;0;0;0;0;0;0;0;0;0;0;0;0;;;;;;;;;;;;;;;;;;;;;;;;;;;;;;;;;;;;;;;;;;;;;;;;;;;;;;;;;;;;;;;;;;;;;;;;;;;;;;;
2023;2023-38;04/11/2023;05/11/2023;1;Avanço Missionário;Carro;Fronteira Acre Amazonas;Taquara;Mackenzie;;;Pr. Oséias Lopes;Enf. Edevanete Oliveira;103;11;2;90;51;50;0;1;51;400;154;61;2;91;644;0;0;0;0;0;0;0;98;11;1;0;0;0;3;0;0;0;0;0;50;9;0;253;0;0;0;0;0;0;192;0;0;0;0;0;13;0;0;0;0;4;1;0;0;0;0;0;53;0;0;0;0;0;0;0;0;0;0;0;0;25;503;0;100;0;192;0;0;0;0;0;0;0;0;;;;;;;;;;;;;;;;;;;;;;;;;;;;;;;;;;;;;;;;;;;;;;;;;;;;;;;;;;;;;;;;;;;;;;;;;;;;;;;
2023;2023-39;15/11/2023;15/11/2023;0;Avanço Missionário;Carro;Manaus;Comunidade Parque das Tribos - Tarumã;Amazon Outreach;;;Pr. Thiago Dantas;Kquinda Soares;45;19;1;25;36;10;1;25;224;0;81;29;2;50;343;0;7;5;0;0;0;0;16;0;0;0;0;3;1;0;0;0;0;0;0;0;0;0;0;0;0;0;0;0;0;0;0;0;0;4;0;0;0;0;0;0;0;0;5;0;0;0;0;0;0;0;0;0;0;0;0;0;0;0;0;0;0;0;0;0;0;0;15;0;0;0;0;0;0;;;;;;;;;;;;;;;;;;;;;;;;;;;;;;;;;;;;;;;;;;;;;;;;;;;;;;;;;;;;;;;;;;;;;;;;;;;;;;;
2023;2023-40;25/11/2023;26/11/2023;1;Avanço Missionário;Carro;Rio Solimões;Vila Barro Branco;;;;Pr. Eustáquio Fortunato;Kquinda Soares;51;17;1;33;24;7;1;16;170;40;75;24;2;49;323;0;19;10;0;0;0;0;24;0;0;0;0;16;1;0;0;0;0;0;0;0;0;0;0;0;0;0;0;0;0;0;0;0;0;0;0;0;0;0;0;0;0;0;0;0;0;0;0;0;0;0;0;0;0;0;0;101;;0;0;0;0;0;0;0;0;4;0;0;0;0;0;0;0;;;;;;;;;;;;;;;;;;;;;;;;;;;;;;;;;;;;;;;;;;;;;;;;;;;;;;;;;;;;;;;;;;;;;;;;;;;;;;;
2023;2023-41;21/11/2023;28/11/2023;7;Avanço Missionário;Carro;Fronteira Acre Amazonas;Parque do Divisor, Rio Môa, Acre;Missão Aliança Missionária;;;Pr. José Ribeiro Bandeira;Enf. Edevanete Oliveira;0;0;0;0;0;0;0;0;0;0;131;7;5;109;581;0;0;0;0;0;0;0;121;159;34;32;0;35;8;7;0;0;0;0;241;0;0;223;400;0;0;0;0;0;0;3;0;0;0;0;18;0;0;0;0;4;0;0;0;0;0;0;25;0;0;8;0;0;0;0;0;1;0;0;0;1;500;0;200;0;115;0;0;0;0;0;0;0;0;;;;;;;;;;;;;;;;;;;;;;;;;;;;;;;;;;;;;;;;;;;;;;;;;;;;;;;;;;;;;;;;;;;;;;;;;;;;;;;
2023;2023-42;30/12/2023;30/12/2023;0;Ação missionária;Carro;Manaus;Casa do Oleiro - Puraquequara;;;;Pr. Flávio Seleguim;Dr. Djailson Rodrigues;24;0;0;24;19;3;0;16;2210;41;43;3;0;40;209;0;20;0;0;0;0;0;0;0;0;0;0;0;1;0;0;0;0;0;0;1;0;0;0;0;0;0;0;0;0;0;0;0;0;0;0;0;0;0;0;0;0;0;0;0;0;0;20;0;0;0;0;0;0;1;0;0;0;0;0;0;0;0;0;0;0;0;0;0;0;0;0;0;0;;;;;;;;;;;;;;;;;;;;;;;;;;;;;;;;;;;;;;;;;;;;;;;;;;;;;;;;;;;;;;;;;;;;;;;;;;;;;;;
2024;2024-01;13/01/2024;20/01/2024;7;Viagem de barco;Barco Amor e Esperança;Rio Purus ;Berurí;Amazon Outreach;;;Pr. Franklin Carvalho;Núbia Pantoja;291;101;20;170;58;12;12;34;357;0;349;113;32;204;1455;0;0;0;0;0;0;0;238;201;0;126;51;0;5;0;0;0;0;0;0;0;0;0;0;0;0;0;0;0;0;0;0;0;0;0;0;0;0;0;0;0;0;0;0;0;0;0;0;0;0;0;0;0;0;0;0;0;0;0;0;130;0;0;0;0;0;0;0;0;0;0;0;0;0;;;;;;;;;;;;;;;;;;;;;;;;;;;;;;;;;;;;;;;;;;;;;;;;;;;;;;;;;;;;;;;;;;;;;;;;;;;;;;;
2024;2024-02;19/01/2024;27/01/2024;8;Viagem de barco;Barco;Acre;Rio Azul e Rio Moa- Acre;Aliança Missionária e Missão Operação e Redenção;;;Pr. José Ribeiro Bandeira;Enf. Edevanete Oliveira;640;300;60;280;86;22;20;44;234;237;726;322;80;324;2826;90;75;0;0;0;0;0;897;201;103;0;0;211;21;10;0;1;0;0;0;97;0;2224;0;0;0;0;0;0;0;32;0;0;0;0;115;0;0;0;0;0;0;26;0;0;0;79;118;0;0;0;149;27;0;0;114;0;0;0;0;0;0;0;0;0;0;0;0;0;0;0;0;47;0;;;;;;;;;;;;;;;;;;;;;;;;;;;;;;;;;;;;;;;;;;;;;;;;;;;;;;;;;;;;;;;;;;;;;;;;;;;;;;;
2024;2024-03;09/02/2024;14/02/2024;5;Viagem de barco;Barco JJ Mesquita;Rio Negro;Monte Moria;;;;Pr. Ivan Laray;Anne Sampaio;93;13;22;58;0;0;0;0;0;0;93;13;22;58;395;0;0;0;0;0;0;0;40;60;0;0;0;0;5;0;0;0;0;0;0;2;0;300;0;0;0;0;0;0;0;0;0;0;0;0;0;0;0;0;0;0;1;0;0;0;0;0;0;0;0;0;0;0;0;0;0;0;0;0;0;0;0;0;0;0;0;0;0;0;0;0;0;0;0;;;;;;;;;;;;;;;;;;;;;;;;;;;;;;;;;;;;;;;;;;;;;;;;;;;;;;;;;;;;;;;;;;;;;;;;;;;;;;;
2024;2024-04;02/03/2024;09/03/2024;7;Viagem de barco;Barco Amor e Esperança;Rio Solimões;Lago Sacambú;Amazon Outreah;;;Pr. Eustáquio Fortunato;Dr. Djailson Rodrigues;250;70;11;169;87;23;6;58;957;0;337;93;17;227;1465;0;0;0;0;0;0;0;159;130;0;126;87;17;5;0;0;0;0;0;0;0;0;0;0;0;0;0;0;0;0;0;0;0;0;0;0;0;0;0;0;0;0;0;0;0;0;0;0;0;0;0;0;0;0;0;0;0;0;0;0;171;0;0;0;0;0;0;0;0;0;0;0;0;0;;;;;;;;;;;;;;;;;;;;;;;;;;;;;;;;;;;;;;;;;;;;;;;;;;;;;;;;;;;;;;;;;;;;;;;;;;;;;;;
2024;2024-05;03/03/2024;09/03/2024;6;Viagem de barco;Barco JJ Mesquita;Rio Negro;Rio Negro;Islego Missions;;;Pr. Ivan Laray;Marilda Rodrigues;171;49;15;107;84;21;16;47;457;0;255;70;31;154;1073;0;0;0;0;0;0;0;109;100;0;11;0;36;5;39;0;9;0;0;0;13;0;0;0;0;0;4;0;0;0;3;0;0;0;0;11;0;0;0;0;0;2;0;0;0;0;0;85;8;0;0;0;8;0;0;0;0;0;0;0;0;0;0;0;0;0;0;0;5;0;0;0;0;0;;;;;;;;;;;;;;;;;;;;;;;;;;;;;;;;;;;;;;;;;;;;;;;;;;;;;;;;;;;;;;;;;;;;;;;;;;;;;;;
2024;2024-06;09/03/2024;15/03/2024;6;Viagem de barco;Barco Amor e Esperança;Rio Amazonas;Paraná do Ramos;Amazon Outreach;;;Pr. Mário Sérgio;Dr. Djailson Rodrigues;284;203;27;54;52;34;8;10;908;0;336;237;35;64;1136;0;0;0;0;0;0;0;564;159;0;67;82;27;5;0;0;0;0;0;0;0;0;0;0;0;0;0;0;0;0;0;0;0;0;0;0;0;0;0;0;0;0;0;0;0;0;0;10;3;0;0;0;0;0;0;0;0;0;0;0;256;0;0;0;0;0;0;0;0;0;0;0;0;0;;;;;;;;;;;;;;;;;;;;;;;;;;;;;;;;;;;;;;;;;;;;;;;;;;;;;;;;;;;;;;;;;;;;;;;;;;;;;;;
2024;2024-07;15/03/2024;17/03/2024;2;Avanço Missionário;Carro;Rio Autazes;Rio Autazes;;;;Pr. Eustáquio Fortunato;Kquinda Soares;64;21;6;37;25;6;10;9;130;0;89;27;16;46;359;0;26;10;0;0;0;0;24;9;0;10;0;10;2;0;0;0;0;4;0;0;0;0;0;0;0;0;0;0;0;0;0;0;0;0;1;0;0;0;0;0;0;0;0;0;0;0;10;3;0;0;0;0;0;0;0;0;0;0;0;0;0;0;0;0;0;0;3;0;0;0;0;0;0;;;;;;;;;;;;;;;;;;;;;;;;;;;;;;;;;;;;;;;;;;;;;;;;;;;;;;;;;;;;;;;;;;;;;;;;;;;;;;;
2024;2024-08;24/03/2024;30/03/2024;6;Viagem de barco;Barco JJ Mesquita;Rio Negro;Rio Negro;Islego Missions;;;Pr. Ivan Laray;Marilda Rodrigues;155;47;6;102;88;24;15;49;723;75;243;71;21;151;1031;0;0;0;0;0;0;0;80;44;0;0;0;29;6;20;0;0;0;0;0;2;0;0;0;0;0;0;0;0;0;0;0;0;0;0;11;0;0;0;0;0;0;0;0;0;0;0;35;7;0;0;0;1;0;0;0;0;0;0;0;52;0;0;0;0;0;0;0;5;0;0;0;0;0;;;;;;;;;;;;;;;;;;;;;;;;;;;;;;;;;;;;;;;;;;;;;;;;;;;;;;;;;;;;;;;;;;;;;;;;;;;;;;;
2024;2024-09;28/03/2024;31/03/2024;3;Atendimento no Musical;;IPM EPV;Pedras Vivas;IPM EPV;;;Pr. Wellighton Gomes;Ana Maria/Kquinda;75;5;9;61;0;0;0;0;0;0;75;5;9;61;347;0;11;0;0;0;0;0;0;0;0;0;0;0;0;740;0;0;0;1;0;0;0;0;0;0;0;0;0;0;0;0;0;0;0;0;21;2;58;0;0;0;0;0;0;0;0;0;0;0;0;0;0;0;0;0;0;0;0;0;0;0;0;0;0;0;0;0;0;0;0;0;0;0;0;;;;;;;;;;;;;;;;;;;;;;;;;;;;;;;;;;;;;;;;;;;;;;;;;;;;;;;;;;;;;;;;;;;;;;;;;;;;;;;
2024;2024-10;21/04/2024;27/04/2024;6;Viagem de barco;Barco JJ Mesquita;Rio Negro;Rio Negro;Igreja Sal da Terra;;;Pr. Ivan Laray;Marilda Rodrigues;167;45;11;111;71;18;13;40;790;0;238;63;24;151;1016;0;0;0;0;0;0;0;60;40;0;20;0;35;5;0;0;18;0;0;0;14;0;0;0;0;0;0;0;0;0;0;0;0;0;0;31;0;0;0;0;20;2;0;0;0;0;0;39;7;0;0;0;2;0;0;0;0;0;0;0;0;0;0;0;0;0;0;0;0;0;0;0;0;0;;;;;;;;;;;;;;;;;;;;;;;;;;;;;;;;;;;;;;;;;;;;;;;;;;;;;;;;;;;;;;;;;;;;;;;;;;;;;;;
2024;2024-11;18/05/2024;24/05/2024;6;Viagem de barco;Barco;Rio Negro;Novo Ayrão;Assembleia de Deus SC;;;Pr. Ivan Laray;Kquinda Soares;60;22;4;34;24;13;4;7;147;82;84;35;8;41;334;0;0;0;0;0;0;0;60;25;0;0;60;12;4;11;0;0;0;0;0;5;0;0;0;0;0;0;0;0;0;0;0;2;0;0;31;0;0;0;0;0;0;0;0;0;0;0;13;0;0;0;0;0;0;0;0;60;0;0;0;0;200;0;9;0;0;0;0;0;0;0;0;0;0;;;;;;;;;;;;;;;;;;;;;;;;;;;;;;;;;;;;;;;;;;;;;;;;;;;;;;;;;;;;;;;;;;;;;;;;;;;;;;;
2024;2024-12;22/05/2024;28/05/2024;6;Viagem de barco;Barco Linda e Esperança;Baixo Amazozas;Rio Andirá /Barrerinha;Amazon Outreach;;;Pr. Mário Sérgio;Dr. Djailson Rodrigues;201;52;11;138;56;18;11;27;887;208;336;237;35;64;1096;0;0;0;0;0;0;0;214;270;0;131;120;23;6;0;0;0;0;0;0;0;0;0;0;0;0;0;0;0;0;0;0;0;0;0;0;0;0;0;0;0;0;0;0;0;0;0;0;0;0;0;0;0;0;0;0;0;0;0;0;202;0;0;150;0;0;0;0;0;0;0;0;0;0;;;;;;;;;;;;;;;;;;;;;;;;;;;;;;;;;;;;;;;;;;;;;;;;;;;;;;;;;;;;;;;;;;;;;;;;;;;;;;;
2024;2024-13;26/05/2024;01/06/2024;6;Viagem de barco;Barco JJ Mesquita;Rio Negro;Rio Negro;Igreja Presbiteriana Anápolis;;;Pr. Ivan Laray;Marilda Rodrigues;205;69;20;116;67;15;11;41;354;67;272;84;31;157;1130;0;0;0;0;0;0;0;85;113;0;24;100;19;5;0;2;0;0;0;0;8;0;0;0;0;0;0;0;0;0;1;0;0;0;0;15;0;0;0;0;39;5;0;0;0;0;0;28;2;0;0;0;6;0;0;0;100;0;0;0;0;0;0;150;60;0;0;0;0;0;0;100;0;0;;;;;;;;;;;;;;;;;;;;;;;;;;;;;;;;;;;;;;;;;;;;;;;;;;;;;;;;;;;;;;;;;;;;;;;;;;;;;;;
2024;2024-14;01/06/2024;07/06/2024;6;Viagem de barco;Barco Linda e Esperança;Rio Negro;Rio Unini;Amazon Outreach;;;Pr. Ivan Laray;Dr. Djailson Rodrigues;182;34;21;127;57;12;4;41;771;153;239;46;25;168;1053;0;0;0;0;0;0;0;103;111;0;12;35;32;5;0;0;0;0;0;0;0;0;0;0;0;0;0;0;0;0;0;0;0;0;0;0;0;0;0;0;0;0;0;0;0;0;0;0;0;0;0;0;0;0;0;0;0;0;0;0;98;0;0;0;0;0;0;0;0;0;0;0;0;0;;;;;;;;;;;;;;;;;;;;;;;;;;;;;;;;;;;;;;;;;;;;;;;;;;;;;;;;;;;;;;;;;;;;;;;;;;;;;;;
2024;2024-15;01/06/2024;07/06/2024;6;Viagem de barco;Barco JJ Mesquita;Rio Solimões;Rio Solimões;W.P.Brasil;;;Pr. Rogério Trindade;Marilda Rodrigues;237;79;6;152;60;15;8;37;265;120;297;94;14;189;1269;0;0;0;0;0;0;0;580;210;0;4;100;6;5;15;0;0;0;0;0;15;0;0;0;0;0;0;0;0;0;2;300;0;0;0;28;0;0;0;0;0;0;0;0;0;0;0;123;0;0;0;0;6;0;0;0;0;0;0;0;0;0;0;0;0;0;0;0;0;0;0;0;0;0;;;;;;;;;;;;;;;;;;;;;;;;;;;;;;;;;;;;;;;;;;;;;;;;;;;;;;;;;;;;;;;;;;;;;;;;;;;;;;;
2024;2024-16;07/06/2024;13/06/2024;6;Viagem de barco;Barco Amor e Esperança;Rio Amazonas;Rio Amazonas;Amazon Outreach;Coppell Bible Church (Coppell, Texas);;Pr. Diogo Magalhães;Dra. Alessandra Raiol;314;141;15;158;46;11;9;26;202;46;360;152;24;184;1448;0;0;0;0;0;0;0;199;58;0;66;170;15;6;0;0;0;0;0;0;0;0;0;0;0;0;0;0;0;0;0;0;0;0;0;0;0;0;0;0;0;0;0;0;0;0;0;0;0;0;0;0;0;0;0;0;162;0;0;0;89;0;0;0;0;0;0;0;0;0;0;0;0;0;;;;;;;;;;;;;;;;;;;;;;;;;;;;;;;;;;;;;;;;;;;;;;;;;;;;;;;;;;;;;;;;;;;;;;;;;;;;;;;
2024;2024-17;14/06/2024;20/06/2024;6;Viagem de barco;Barco Amor e Esperança;Rio Uatumã;Rio Amazonas;Amazon Outreach;Citizens Church Family (Plano, Texas);;Ev. José Carlos;Dr. Djailson Rodrigues;276;92;18;166;50;10;4;36;775;170;326;102;22;202;1382;0;0;0;0;0;0;0;174;106;0;109;42;25;5;0;0;0;0;0;0;0;0;0;0;0;0;0;0;0;0;0;0;0;0;0;0;0;0;0;0;0;0;0;0;0;0;0;0;0;0;0;0;0;0;0;0;252;44;0;0;78;0;0;0;0;0;0;0;0;1;0;0;0;0;;;;;;;;;;;;;;;;;;;;;;;;;;;;;;;;;;;;;;;;;;;;;;;;;;;;;;;;;;;;;;;;;;;;;;;;;;;;;;;
2024;2024-18;14/06/2024;21/06/2024;7;Viagem de barco;Barco Linda e Esperança;Rio Amazonas;Urucará;Amazon Outreach;New Beginnings Church (Longview, Texas);;Pr. Raimundo Wilson;Dra. Alessandra Raiol;324;124;35;165;60;16;11;33;221;0;0;0;0;0;0;0;32;0;0;0;0;0;250;146;0;135;120;41;5;20;0;0;0;0;0;0;0;0;0;0;0;0;0;0;0;0;0;0;0;0;0;0;0;0;0;0;0;0;0;0;0;0;0;0;0;0;0;0;0;0;0;0;0;0;0;275;0;0;0;0;0;0;0;0;0;0;0;0;0;;;;;;;;;;;;;;;;;;;;;;;;;;;;;;;;;;;;;;;;;;;;;;;;;;;;;;;;;;;;;;;;;;;;;;;;;;;;;;;
2024;2024-19;23/06/2024;29/06/2024;6;Viagem de barco;Barco JJ Mesquita;Rio Amazonas;Paraná do Ramos;Reformed Church in America (RCA);;;Ev. Daniel Carvalho e Lia Dantas;Enf. Edevanete Oliveira;167;55;9;103;40;7;4;29;281;38;207;62;13;132;885;0;0;0;0;0;0;0;218;96;0;56;36;33;3;0;0;0;0;0;0;7;0;0;0;0;0;0;0;0;0;0;42;0;0;0;5;0;0;0;0;0;0;3;0;0;0;0;61;4;0;0;0;0;0;0;0;0;0;0;0;53;300;0;0;0;0;0;0;0;1;0;0;0;0;;;;;;;;;;;;;;;;;;;;;;;;;;;;;;;;;;;;;;;;;;;;;;;;;;;;;;;;;;;;;;;;;;;;;;;;;;;;;;;
2024;2024-20;30/06/2024;07/07/2024;7;Viagem de barco;Barco JJ Mesquita;Autazes;Novo Céu e Murutinga;Northland Church, EUA;;;Pr. Eustáquio Fortunato;Enf. Edevanete Oliveira;176;38;9;129;81;21;7;53;542;299;257;59;16;182;1135;0;0;0;0;0;0;0;260;114;0;83;113;43;4;31;0;0;0;0;0;7;0;0;0;0;0;0;0;0;0;1;125;0;0;0;48;0;0;0;0;405;0;0;0;0;0;0;103;2;0;0;0;0;0;0;12;0;0;0;0;280;100;0;0;0;0;0;0;0;0;0;400;0;0;;;;;;;;;;;;;;;;;;;;;;;;;;;;;;;;;;;;;;;;;;;;;;;;;;;;;;;;;;;;;;;;;;;;;;;;;;;;;;;
2024;2024-21;07/07/2024;13/07/2024;6;Viagem de barco;Barco JJ Mesquita;Rio Solimões;Vila do Cuia;Pilgrims;Instituto Vida;;Pr. Eustáquio Fortunato;Enf. Edevanete Oliveira;204;33;37;134;60;12;14;34;412;63;264;45;51;168;1128;0;0;0;0;0;0;0;147;60;15;15;0;12;3;0;0;0;0;0;0;23;0;0;0;0;0;0;0;0;0;0;0;0;0;0;28;0;0;0;0;337;16;0;0;0;0;0;60;9;0;0;0;5;0;0;61;0;0;0;0;24;0;43;133;0;0;0;0;3;0;0;332; ;32;;;;;;;;;;;;;;;;;;;;;;;;;;;;;;;;;;;;;;;;;;;;;;;;;;;;;;;;;;;;;;;;;;;;;;;;;;;;;;;
2024;2024-22;10/07/2024;18/07/2024;8;Viagem de barco;Barco Amor e Esperança;Rio Purus;Berurí;Amazon Outreach;New Hope Church;;Pr. Franklin Carvalho;Dr. Djailson Rodrigues;349;134;24;191;88;17;7;64;1281;169;0;0;0;0;0;0;0;0;0;0;0;0;163;119;0;76;40;18;5;0;0;0;0;0;0;0;0;0;0;0;0;0;0;0;0;0;0;0;0;0;0;0;0;0;0;0;0;0;0;0;0;0;0;0;0;0;0;0;0;0;0;0;0;0;0;58;0;0;0;0;0;0;0;0;1;0;0;0;0;;;;;;;;;;;;;;;;;;;;;;;;;;;;;;;;;;;;;;;;;;;;;;;;;;;;;;;;;;;;;;;;;;;;;;;;;;;;;;;
2024;2024-23;14/07/2024;20/07/2024;6;Viagem de barco;Barco JJ Mesquita;Rio Solimões;Paraná do Anamã Lago do Sacabú;Northwoods Church;;;Pr. Eustáquio Fortunato;Enf. Edevanete Oliveira;146;44;7;95;48;12;2;34;689;50;194;56;9;129;840;0;0;11;0;0;0;0;81;96;0;60;11;21;5;27;0;0;0;2;0;5;0;0;0;0;0;7;0;0;0;10;350;3;0;0;102;0;0;0;0;0;0;0;0;0;0;0;74;21;0;0;0;0;0;0;113;0;0;0;0;91;0;0;172;0;0;0;0;0;0;0;71;0;0;;;;;;;;;;;;;;;;;;;;;;;;;;;;;;;;;;;;;;;;;;;;;;;;;;;;;;;;;;;;;;;;;;;;;;;;;;;;;;;
2024;2024-24;19/07/2024;25/07/2024;6;Viagem de barco;Barco Amor e Esperança;Rio Amazonas;Barreirinha;Amazon Outtreach;Carpenter's Way Church;;Pr. Mário Sérgio;Dr. Djailson Rodrigues;310;80;24;206;221;10;5;206;1369;0;0;0;0;0;0;0;0;0;0;0;0;0;304;292;0;159;102;28;4;0;0;0;0;0;0;0;0;0;0;0;0;0;0;0;0;0;0;3;0;0;0;0;0;0;0;0;0;0;0;0;0;0;0;0;0;0;0;0;0;0;0;450;0;0;0;170;0;0;0;0;0;0;0;0;0;0;0;0;0;;;;;;;;;;;;;;;;;;;;;;;;;;;;;;;;;;;;;;;;;;;;;;;;;;;;;;;;;;;;;;;;;;;;;;;;;;;;;;;
2024;2024-25;21/07/2024;27/07/2024;6;Viagem de barco;Barco JJ Mesquita;Rio Solimões;Rio Solimões;Igreja Presbiteriana de Brasília;;;Pr. Eustáquio Fortunato;Enf. Edevanete Oliveira;250;187;5;58;118;32;7;79;1223;163;368;219;12;137;1378;0;0;32;0;0;0;0;220;114;0;39;104;47;8;0;0;0;0;0;0;16;0;0;131;0;0;0;0;0;0;31;225;0;0;0;47;0;0;0;0;222;3;18;0;0;0;0;142;28;0;0;0;0;0;0;0;25;0;0;0;153;67;300;0;0;0;0;0;0;0;0;138;0;0;;;;;;;;;;;;;;;;;;;;;;;;;;;;;;;;;;;;;;;;;;;;;;;;;;;;;;;;;;;;;;;;;;;;;;;;;;;;;;;
2024;2024-26;26/07/2024;01/08/2024;6;Viagem de barco;Barco Linda e Esperança;0;0;Amazon Outreach;Geyer Springs Church, EUA;;Pr. Diogo Magalhães;Dra. Alessandra Raiol;211;58;29;124;66;46;12;8;177;0;277;104;41;132;1095;0;0;0;0;0;0;0;125;124;0;19;0;0;4;11;0;0;0;0;0;0;0;0;0;0;0;0;0;0;0;0;0;0;0;0;0;0;0;0;0;0;0;0;0;0;0;0;0;0;0;0;0;0;0;0;0;0;0;0;0;0;0;0;0;0;0;0;0;0;0;0;0;0;0;;;;;;;;;;;;;;;;;;;;;;;;;;;;;;;;;;;;;;;;;;;;;;;;;;;;;;;;;;;;;;;;;;;;;;;;;;;;;;;
2024;2024-27;27/07/2024;03/08/2024;7;Viagem de barco;Barco Amor e Esperança;Rio Solimões;Rio Solimões;Amazon Outreach;Bethel Bible-Amazon;;Pr. Rogério Trindade;Endrio Ely;273;74;26;173;87;18;12;57;483;0;360;92;38;230;1540;0;0;0;0;0;0;0;187;77;0;57;191;0;5;0;0;0;0;0;0;0;0;0;0;0;0;0;0;0;0;0;0;0;0;0;0;0;0;0;0;0;0;0;0;0;0;0;0;0;0;0;0;0;0;0;0;0;0;0;0;0;0;0;0;0;0;0;0;0;0;0;0;0;0;;;;;;;;;;;;;;;;;;;;;;;;;;;;;;;;;;;;;;;;;;;;;;;;;;;;;;;;;;;;;;;;;;;;;;;;;;;;;;;
2024;2024-28;28/07/2024;03/08/2024;6;Viagem de barco;Barco JJ Mesquita;Rio Solimões;Rio Solimões;Mackenzie;;;Pr. Eustáquio Fortunato;Enf. Edevanete Oliveira;187;73;6;108;72;17;9;46;334;72;259;90;15;154;1085;0;0;0;0;0;0;0;200;35;0;9;0;7;5;0;0;0;0;0;0;10;0;0;0;0;0;0;0;0;0;1;187;0;0;0;12;0;0;0;0;0;1;0;0;0;0;0;120;25;0;0;0;45;0;0;0;0;0;0;0;0;0;0;0;0;0;0;0;0;0;0;31;0;0;;;;;;;;;;;;;;;;;;;;;;;;;;;;;;;;;;;;;;;;;;;;;;;;;;;;;;;;;;;;;;;;;;;;;;;;;;;;;;;
2024;2024-29;04/08/2024;10/08/2024;6;Viagem de barco;Barco Serguem Silva;Rio Urupadi;Rio Majuru;New Life (EUA);;;Pr. Gleysson e Pr. André Sateré;Enf. Edevanete Oliveira;148;25;6;117;91;20;10;61;601;312;339;45;16;178;452;;;;;;;;382;321;;210;4;120;4;32;;;;;;12;;5;150;;;;;;;;300;;;;6;;;;;382;;5;;;;;100;2;;9;;;;;;400;;;;;420;;0;;72;;;;;;1160;;;;;;;;;;;;;;;;;;;;;;;;;;;;;;;;;;;;;;;;;;;;;;;;;;;;;;;;;;;;;;;;;;;;;;;;;;;;;;;;;
2024;2024-30;23/08/2024;25/08/2024;2;Avanço Missionário;Carro;Careiro Castanho;Careiro Castanho;          ;;;Missionário Carlos Silvio;Kquinda Soares;45;22;3;20;23;6;3;14;104;15;68;8;6;34;272;; ;3;;;;;46;25;;5;14;30;2;;;;;;;;;;;;;;;;;;;;;;;;;;;;;;;;;;;;;;;;;;;;;;;;;;;;;;;;;;;;;;;;;;;;;;;;;;;;;;;;;;;;;;;;;;;;;;;;;;;;;;;;;;;;;;;;;;;;;;;;;;;;;;;;;;;;;;;;;;;
2024;2024-31;31/08/2024;31/08/2024;1;Avanço Missionário;Carro;Maniquara;Maniquara;Amazon Outreach;Igreja Presbiteriana Ágata (Manacapuru/AM);;Pr.Emerson Torres;Kquinda Soares;47;16;2;29;35;6;6;23;220;20;82;21;8;53;352;;40;;;;;;20;;;;;40;1;;;;;;;;;;;;;;;;;;;;;;15;;;;;;;;;;;;8;;;;;;;;;;15 L.Pele;;;;;;;;;5;;;;;;;;;;;;;;;;;;;;;;;;;;;;;;;;;;;;;;;;;;;;;;;;;;;;;;;;;;;;;;;;;;;;;;;;;;;;;;;;;;;;;;
2024;2024-32;04/09/2024;04/09/2024;1;Ação missionária;Carro;CTM Manaus;Tarumã Manaus;;;;Dr.Djailson;Dr. Djailson Rodrigues;0;;;;24;6;2;16;125;;24;6;2;16;16;;;;;;;;;;;;;;;;;;;;;;;;;;;;;;;;;;;;;;;;;;;;;;;;;;;;;;;;;;;;;;;;;;;;;;;;;;;;;;;;;;;;;;;;;;;;;;;;;;;;;;;;;;;;;;;;;;;;;;;;;;;;;;;;;;;;;;;;;;;;;;;;;;;;;;;;;
2024;2024-33;06/09/2024;08/09/2024;2;Ação missionária;Carro;Tarumã ;Aldeia São Joaquim;Conplei;New Life (EUA);;Pr.Wilason André Sateré;Moisés Pinho;0;;;;0;;;;;;168;35;11;122;;;;;;;;;;;;;;;3;;;;;;;;;;;;;;;;;;;;;;;;;;;;;;;;;;5;;;;;;;;;;;;;;;;;;;;;;;;;;;;;;;;;;;;;;;;;;;;;;;;;;;;;;;;;;;;;;;;;;;;;;;;;;;;;;;;;;;;;;;;;;;;;;;;;;;;;;;;;
2024;2024-34;22/09/2024;26/09/2024;3;Viagem de barco;Barco JJ Mesquita;Rio Solimões;Rio Solimões;Faith Church;;;Pr.EmersonTorres/Daniel Carvalho;Dr. Djailson Rodrigues;133;40;7;86;79;14;8;57;796;86;212;54;15;143;922;;29;;;;;;412;38;;40;;52;3;;;;;;;1;;;;;;;;;;;;;;;;;;;;;;;;;;;15;;;;;;;;;;;;;58;;;;;;;;;;;;;;;;;;;;;;;;;;;;;;;;;;;;;;;;;;;;;;;;;;;;;;;;;;;;;;;;;;;;;;;;;;;;;;;;;;;;;;;;;;;;
2024;2024-35;06/10/2024;11/10/2024;5;Viagem de barco;Barco JJ Mesquita;Rio Negro;Rio Negro;Islego Missions;;;Pr. Ivan Laray;Dr. Djailson Rodrigues;114;24;9;81;70;14;7;49;719;190;184;38;16;130;812;;28;;;;;;54;80;;43;;21;5;14;2;;;;;8;;;;;;;;;;;;;;;5;;;;;;3;;;;;;24;2;;;;;;;;;;;;93;;4;17;;;;;;;;;;;;;;;;;;;;;;;;;;;;;;;;;;;;;;;;;;;;;;;;;;;;;;;;;;;;;;;;;;;;;;;;;;;;;;;;;;;;;;;;;
2024;2024-36;12/10/2024;18/10/2024;5;Viagem de barco;Linda e Esperança;Urucara;;Amazon Outreach;First Baptist Church of Plano, Texas;South Spring Baptist Church in Tyler, Texas;Evangelista Aricio e Zerias;Dr. Djailson Rodrigues;245;73;23;149;51;10;5;36;529;102;;;;;;;;;;;;;124;124;10;;;17;5;;;;;;;;;;;;;;;;;;;;;;;;;;;;;;;;;;;;;;;;;;;;;;;103;;;;;;;;;;;;;;;;;;;;;;;;;;;;;;;;;;;;;;;;;;;;;;;;;;;;;;;;;;;;;;;;;;;;;;;;;;;;;;;;;;;;;;;;;;;;
2024;2024-37;18/10/2024;20/10/2024;2;Avanço Missionário;Carro;Estrada Manacapiuru;Santana;;;;Missionário Carlos Silvio;Marilda Rodrigues;53;15;3;35;22;2;4;16;126;44;75;17;7;51;327;;;6;;;;;;16;;;;16;1;;;;;;;;;;;;;;;;;;;;;;;;;;;;1;;;;;;20;;;;;;;;;;;;;;;;;;;;;;;;;;;;;;;;;;;;;;;;;;;;;;;;;;;;;;;;;;;;;;;;;;;;;;;;;;;;;;;;;;;;;;;;;;;;;;;;;;;;;;;;;
2024;2024-38;27/10/2024;01/11/2024;5;Viagem de barco;Barco JJ Mesquita;Rio Negro;Rio Negro;Calvary Bible Church Colorado(EUA);;;Pr.Ivan Laray;;141;38;8;95;69;11;5;55;978;;210;49;13;150;936;;;;;;;;60;61;16;;;37;5;;3;;;;;12;;;;;;16;;;;;;;;;6;;;;;;3;;;;;;49;8;;;;;;;;;;;;160;;;;;;;;1;;;;;;;;;;;;;;;;;;;;;;;;;;;;;;;;;;;;;;;;;;;;;;;;;;;;;;;;;;;;;;;;;;;;;;;;;;;;;;;;;;;;
2024;2024-39;22/11/2024;24/11/2024;2;Avanço Missionário;Carro;Presidente Figueredo;Santa Cruz;;;;Missionário Carlos Silvio;Kquinda Soares;;;;;;;;;;;;;;;;;;;;;;;;;;;;;;;;;;;;;;;;;;;;;;;;;;;;;;;;;;;;;;;;;;;;;;;;;;;;;;;;;;;;;;;;;;;;;;;;;;;;;;;;;;;;;;;;;;;;;;;;;;;;;;;;;;;;;;;;;;;;;;;;;;;;;;;;;;;;;;;;;;;;;;;;
2024;2024-40;14/12/2024;16/12/2024;2;Avanço Missionário;Carro;Acre;Taquara;Instituição Mackenzie Cavallaro Expresso Motopeças e Dentalclean;;;Pr. Oséias Lopes;Enf. Edevanete Oliveira;211;63;9;139;42;16;6;20;51;400;143;29;15;118;644;;;;;;;;78;46;15;16;;;3;;;;;;60;7;;510;;;;;;;;;;;;;9;;;;;3;3;;;;;;48;;;;;;;;;;;;;30;559;;;;200;;;;;;;;;;;;;;;;;;;;;;;;;;;;;;;;;;;;;;;;;;;;;;;;;;;;;;;;;;;;;;;;;;;;;;;;;;;;;;;;;;;;;;;
2024;2024-41;28/12/2024;04/01/2025;4;Viagem de barco;Barco Amor e Esperança;Urucará;;Amazon Outreach;Amazon Tyler Collective, de Tyler, Texas;;Djailson Rodrigues  ;;263;93;23;147;25;14;12;25;447;177;;;;;;;;;;;;;181;80;;54;20;21;4;;;;;;;;;;;;;;;;;;;;;;;;;;;;;;;;;;;;;;;;;;;;;;;89;;;;;;;;;1;;;;;;;;;;;;;;;;;;;;;;;;;;;;;;;;;;;;;;;;;;;;;;;;;;;;;;;;;;;;;;;;;;;;;;;;;;;;;;;;;;;
2025;2025-01;15/02/2025;15/02/2025;1;Avanço Missionário;Carro;Rio Solimões;Fé em Deus ;Igreja Presbiteriana Ágata (Manacapuru);;;Pr. Eustáquio Fortunato;Marilda Rodrigues;42;15;4;23;15;5;2;8;54;13;57;20;6;31;223;;23;;;;;;85;29;;13;;18;1;;;;;;;1;;;;;;;;;;;;;;;;;;;;;;;;;;;;;;;;;;;90;30;;;;;;;;29;;;;;;;;;;;;;;;;;;;;;;;;;;;;;;;;;;;;;;;;;;;;;;;;;;;;;;;;;;;;;;;;;;;;;;;;;;;;;;;;;;;;;;;;
2025;2025-02;09/03/2025;15/03/2025;5;Viagem de barco;Barco JJ Mesquita;Rio Negro;Rio Negro;Islego Missions;;;Pr.Ivan Laray;Kquinda Soares;104;23;6;75;65;22;5;38;755;90;169;45;11;113;733;;13;;;;28;;84;20;;8;50;50;4;;;;;;;;;;;;;;;;;;;;;;;;;;;;;;;;;;27;;;;;1;;;14;;;;;;;;16;;;;3;4;;;;;;;;;;;;;;;;;;;;;;;;;;;;;;;;;;;;;;;;;;;;;;;;;;;;;;;;;;;;;;;;;;;;;;;;;;;;;;;;;;;;
2025;2025-03;22/03/2025;22/03/2025;1;Avanço Missionário;Carro;Rio Solimões;Bela Vista;;;;Missionário Carlos Silvio;Christiane Ribeiro;77;30;5;42;18;5;3;10;77;30;95;35;8;52;389;;;11;;;;;30;20;;6;;31;1;;;;;;40;;;;40;;;;;;;;90;;;;;;;;;;;;;;;;;;;;;;;;;;10;;;;;;;;;6;;;;;;;;;;;;;;;;;;;;;;;;;;;;;;;;;;;;;;;;;;;;;;;;;;;;;;;;;;;;;;;;;;;;;;;;;;;;;;;;;;;;;;
2025;2025-04;06/04/2025;12/04/2025;5;Viagem de barco;Barco JJ Mesquita;Baixo Amazonas;Baixo Amazonas;Christ Community Church - CCC (EUA);;;Missionário Carlos Silvio;Kquinda Soares;109;58;10;41;32;20;5;7;351;16;141;78;15;48;519;;;;;;;;67;94;;41;;41;5;;;;;;;1;; ;;;;;;;;;;;;;1;;;;;;;;;;;;68;1;;;;16;;;300;;;;;50;;;;;;;3;6;;;;;;;;;;;;;;;;;;;;;;;;;;;;;;;;;;;;;;;;;;;;;;;;;;;;;;;;;;;;;;;;;;;;;;;;;;;;;;;;;;;;
2025;2025-5;13/04/2025;19/04/2025;5;Viagem de barco;Barco JJ Mesquita;Rio Negro;Rio Negro;Igreja Sal da Terra (Goiás);;;Pr. Ivan Laray;;216;73;16;127;54;14;4;36;451;150;270;87;20;163;1136;;;18;;;;;75;25;;67;;41;5;;;5;;;;2;;1233;;;;;;;;;;;;;24;;;;;;1;;;;;;54;;;;;4;;;123;;;;;;;111;135;;;;;;;;;;;;;;;;;;;;;;;;;;;;;;;;;;;;;;;;;;;;;;;;;;;;;;;;;;;;;;;;;;;;;;;;;;;;;;;;;;;;;;;;;
2025;2025-06;27/04/2025;03/05/2025;5;Viagem de barco;Barco JJ Mesquita;Rio Solimões;Rio Solimões;Igreja Presbiteriana de Anápolis (Goias);;;Pr.Rogério Trindade;Kquinda Soares;320;106;12;202;68;18;15;35;488;68;388;124;27;237;1638;;;;;;;;189;143;;41;324;41;5;;;;;;;6;;1216;;;;;;;;;;;;;9;;;;;;;;;;;;69;2;;;;6;;;220;;;;;;;;100;100;;;2;;;;;;;;;;;;;;;;;;;;;;;;;;;;;;;;;;;;;;;;;;;;;;;;;;;;;;;;;;;;;;;;;;;;;;;;;;;;;;;;;;;;;
2025;2025-07;01/05/2025;10/05/2025;8;Viagem de barco;Barco Ferreira Filho;Rio Negro;Rio Negro;Igreja Sal da Terra (Goiás);;;Pr. Ivan Laray;Marilda Rodrigues;266;84;21;161;60;33;7;20;268;70;326;117;28;181;1340;;;16;;;;;79;82;;73;9;39;8;8;;;;;0;3;;792;;;;;;;;;;;;;9;;;;;20;;;;;;;14;;;;;;;;115;21;;;;;;;;;;;;;;;;;;;;;;;;;;;;;;;;;;;;;;;;;;;;;;;;;;;;;;;;;;;;;;;;;;;;;;;;;;;;;;;;;;;;;;;;;;;;;;;;
2025;2025-08;26/04/2025;03/05/2025;3;Viagem de barco;Barco Amor e Esperança;Rio Andirá;Baixo Amazonas;Amazon Outreach;Carpenter's Way Church, Lufkin, Texas;;Pr. Mario Sergio Gomes;Dr. Djailson Rodrigues;6;;;6;2;;;2;46;3;8;;;8;40;;;;;;;;922;497;;297;133;15;3;;;;;;;;;;;;;;;;;;;;;;;;;;;;;;;;;;;;;;;;;;;400;;;;6;;;;;;;;;;;;;;;;;;;;;;;;;;;;;;;;;;;;;;;;;;;;;;;;;;;;;;;;;;;;;;;;;;;;;;;;;;;;;;;;;;;;;;;;;;;;
2025;2025-09;17/05/2025;17/05/2025;1;Avanço Missionário;Carro;Rio Solimões;Rio Solimões;;;;Pr. Emerson;Christiane Ribeiro;51;14;1;36;20;8;2;10;103;20;71;22;3;46;305;;10;7;;;;;30;15;;;;;1;;;;;;;1;;238;;;;;;;;;;;;;1;;;;;;;;;;;;0;;;;;1;;;;;;;;;;;;;;;;;;;;;;;;;;;;;;;;;;;;;;;;;;;;;;;;;;;;;;;;;;;;;;;;;;;;;;;;;;;;;;;;;;;;;;;;;;;;;;;;;;;;
2025;2025-10;17/05/2025;23/05/2025;4;Viagem de barco;Barco JJ Mesquita;Baixo Amazonas;Baixo Amazonas;Igreja Presbiteriana Independente de Dourados/MS;;;Pr Edson Augusto Rios;Kquinda Soares;340;101;24;215;69;18;7;41;454;;409;119;31;259;1745;;;;;;;;224;80;;2;165;44;4;;;;;;;;  ;1446;;;;;;;;;;;;;20;;;;;;;;;;;;102;;;;;2;;;232;100;99;;;;;0;;;;;;;;;;;;;;;;;;;;;;;;;;;;;;;;;;;;;;;;;;;;;;;;;;;;;;;;;;;;;;;;;;;;;;;;;;;;;;;;;;;;;;;;;;
2025;2025-11;24/05/2025;29/05/2025;4;Viagem de barco;Barco Amor e Esperança;Urucará;Urucará;Amazon Outreach;Union Hill Baptist Church (Brownsboro, Texas, EUA);Eastwood Presbyterian Church (Montgomery, Alabama, EUA);Bruna Almeida;Ana Alice Cabral;272;92;24;156;38;14;1;23;213;;310;106;75;179;1.288;;;;;;;;101;114;;62;23;12;4;;;;;;;;;1088;;;;;;;;;;;;;;;;;;;;;;;;;;;;;;;;;;;;;;84;;;;;;;;;;;;;;;;;;;;;;;;;;;;;;;;;;;;;;;;;;;;;;;;;;;;;;;;;;;;;;;;;;;;;;;;;;;;;;;;;;;;;;;;;;;;
2025;2025-12;24/05/2025;29/05/2025;4;Viagem de barco;Barco Linda e Esperança;Rio Purus;Rio Purus;Amazon Outreach;Flint Baptist Church (Texas, EUA);First Baptist Church at The Fields (Texas, EUA);Pr. Franklin Carvalho;Djailson Rodrigues;210;75;14;121;61;6;5;50;761;97;;;;;;;;;;;;;197;160;;83;74;18;4;;;;;;;;;;;;;;;;;;;;;;;;;;;;;;;;;;;;;;;;;;;287;;;;77;;;;;;;;;;;;;;;;;;;;;;;;;;;;;;;;;;;;;;;;;;;;;;;;;;;;;;;;;;;;;;;;;;;;;;;;;;;;;;;;;;;;;;;;;;;;
2025;2025-13;31/05/2025;05/06/2025;4;Viagem de barco;Barco Amor e Esperança;Rio Negro;Rio Unini;Amazon Outreach;First Baptist Church of Tyler (Texas, EUA);;Ev. Assis Viana;Djailson Rodrigues;189;40;18;128;95;59;9;27;830;214;284;99;27;155;1153;;;;;;;;119;122;54;113;;3;4;;;;;;;;;567;;;;;;;;;;;;;;;;;;;;;;;;;;;;;;;;;;;;;;168;;;0;;;;;;;;;;;;;;;;;;;;;;;;;;;;;;;;;;;;;;;;;;;;;;;;;;;;;;;;;;;;;;;;;;;;;;;;;;;;;;;;;;;;;;;;;
2025;2025-14;13/06/2025;20/06/2025;4;Viagem de barco;Barco Amor e Esperança;Rio Amazonas;Rio Uatumã;Amazon Outreach;Citizens Church Family (Plano, Texas);;Bruna Almeida;Ana Alice Cabral;236;82;16;138;44;15;6;23;306;44;280;97;22;161;1162;;;;;;;;70;105;;;;12;4;;;;;;;;;739;;;;;;;;;;;;;;;;;;;;;;;;;;;;;;;;;;135;;;;64;;;105;;;;;;;;;;;;;;;;;;;;;;;;;;;;;;;;;;;;;;;;;;;;;;;;;;;;;;;;;;;;;;;;;;;;;;;;;;;;;;;;;;;;;;;;;
2025;2025-15;14/06/2025;20/06/2025;4;Viagem de barco;Barco Linda e Esperança;Rio Amazonas;Lago do Carará;Amazon Outreach;New Beginnings Church (Longview, Texas);;Pr. Junior;Dr.Jafé Carneiro ;169;64;5;100;46;13;2;31;177;31;;;;;;;;;;;;;67;85;;61;336;15;4;;;;;;;;;507;;;;;;;;;;;;;;;;;;;;;;;;;;;;;;;;;;;;;;110;;;;;;;;;;;;;;;;;;;;;;;;;;;;;;;;;;;;;;;;;;;;;;;;;;;;;;;;;;;;;;;;;;;;;;;;;;;;;;;;;;;;;;;;;;;;
2025;2025-16;22/06/2025;30/06/2025;7;Viagem de barco;Barco Vento do Sul;Rio Amazonas;Maués; ;;;Pr.Glaysson;Enf. Edevanete Oliveira;206;69;9;128;79;24;10;45;444;79;285;83;15;144;942;;;;;;;;330;194;85;179;10;57;7;63;;;;;;17;;1358;1100;;;;;;;3;297;;;;;;;;;;;;;;;;;;;12;;;;;;400;;;;;2000;;;39;108;;0;;;;7 Malas;;;;;;;;;;;;;;;;;;;;;;;;;;;;;;;;;;;;;;;;;;;;;;;;;;;;;;;;;;;;;;;;;;;;;;;;;;;;;;;;;
2025;2025-17;29/06/2025;05/07/2025;4;Viagem de barco;Barco JJ Mesquita;Rio Solimões;Anamã;Mackenzie São Paulo;Mackenzie Curitiba;;Pr José Eustáquio;Enf. Edevanete Oliveira;177;65;13;99;28;8;6;14;79;28;195;69;13;111;801;;;;;;;;4;4;8;;;2;4;;;;;;;17;;730;;;;;;;;;300;;;;15;;;;;;1;;;;;;28;6;;;;12;;;;;;;;;;50;;;;;2;;;;;;;;;;;;;;;;;;;;;;;;;;;;;;;;;;;;;;;;;;;;;;;;;;;;;;;;;;;;;;;;;;;;;;;;;;;;;;;;;;;;;
2025;2025-18;05/07/2025;12/07/2025;4;Viagem de barco;Barco Amor e Esperança;Rio Amazonas;Urucará;Amazon Outreach;Coppell Bible Church (Coppell, Texas);;Pr. Arison Junior;Dr.Djailson Rodrigues;235;144;17;74;44;24;4;16;591;80;279;168;21;106;1097;;;; ;;;;133;115;;;;11;4;;;;;;;;;537;;;;;;;;;;;;;;;;;;;;;;;;;;;;;;;;;;250;;;;85;;;;;;;;;;;;;;;;;;;;;;;;;;;;;;;;;;;;;;;;;;;;;;;;;;;;;;;;;;;;;;;;;;;;;;;;;;;;;;;;;;;;;;;;;;;;
2025;2025-19;11/07/2025;18/07/2025;5;Viagem de barco;Barco Linda e Esperança;Rio Purus;Beruri;Amazon Outreach;New Hope First Baptist Church (EUA);;Milton e Ryan James Nelson;Dr. Jafé Alves Carneiro ;240;89;12;139;46;4;12;30;361;;;;;;;;;;;;;;165;188;;147;94;;5;;;;;;;;;;;;;;;;;;;;;;;;;;;;;;;;;;;;;;;;;;;;;;;89;;;;;;;;;;;;;;;;;;;;;;;;;;;;;;;;;;;;;;;;;;;;;;;;;;;;;;;;;;;;;;;;;;;;;;;;;;;;;;;;;;;;;;;;;;;;
2025;2025-20;13/07/2025;19/07/2025;4;Viagem de barco;Barco JJ Mesquita;Rio Solimões;Rio Solimões;Northland Church, EUA;;;Pr. Emerson;Enf. Edevanete Oliveira;290;39;72;179;133;21;17;95;949;133;423;60;89;274;1.817;;;;;;;;153;94;8;58;;103;6;11;1;;;;0;10;;1.041;450;;;;;;;3;412;;;;42;;;;;123;;;;;;;48;;;;;103;;;13;;;;;171;;;;50;;;;;;;118;;;;;;;;;;;;;;;;;;;;;;;;;;;;;;;;;;;;;;;;;;;;;;;;;;;;;;;;;;;;;;;;;;;;;;;;;;;;;;;;;
2025;2025-21;13/07/2025;14/07/2025;5;English Camp;Carro;Tarumã ;Tarumã Manaus;Northwoords Church;Christ Community Church (CCC);;Pr. Wesley e Pr.Miguel;Enf. Julia Maria;145;1;83;61;;;;;;;145;1;83;61;555;;3;;;;;;;;;;;;5;;;;;2;;;;;;;;;;;;;;;;;7;;;;;;;;;;;;5;;;;;;;;;;;;;;;;;;;;;;;;;;;;;;;;;;;;;;;;;;;;;;;;;;;;;;;;;;;;;;;;;;;;;;;;;;;;;;;;;;;;;;;;;;;;;;;;;;;;;;;;;
2025;2025-22;20/07/2025;25/07/2025;4;Viagem de barco;Barco JJ Mesquita;Autazes;Autazes;Northwoords Church;;;Pr. Rogerio Trindade;Assit Social Kquinda Soares;252;88;23;141;64;9;9;46;786;64;316;97;32;187;1.322;;5;;;;;;100;85;;63;;43;4;4;2;;;;;15;;1778;;;;;;;;;;1;2;;15;;;;;;2;;;;;;27;10;;;;;;;413;;;;;10;;;;;;;5;;;;3120Un;;;;;;;;;;;;;;;;;;;;;;;;;;;;;;;;;;;;;;;;;;;;;;;;;;;;;;;;;;;;;;;;;;;;;;;;;;;;;;;;;
2025;2025-23;18/07/2025;26/07/2025;5;Viagem de barco;Barco Linda e Esperança;Barreirinha;Rio Amazonas;Amazon Outreach;Carpenter's Way Church, Lufkin, Texas;;Pr. Mario Sergio Gomes;Dr.Djailson Rodrigues;386;91;16;279;61;27;7;27;845;122;447;118;23;306;1.953;;49;;;;;;509;453;;249;210;23;5;;;;;;;;;;;;;;;;;;;;;;;;;;;;;;;;;;;;;;;;;;;375;;;;199;;;;;;;;;;;;;;;;;;;;;;;;;;;;;;;;;;;;;;;;;;;;;;;;;;;;;;;;;;;;;;;;;;;;;;;;;;;;;;;;;;;;;;;;;;;;
2025;2025-24;21/07/2025;26/07/2025;4;Viagem de barco;Barco Joás Silva XII;Rio Negro;Rio Negro;Igreja Presbiteriana Esperança de Vitória/ES;;;Pr. Emerson Torres;Enf. Edevanete e Dr. Yuri;174;45;25;104;;;;;;;174;45;25;104;522;;;;;;;;80;50;33;16;;50;4;36;4;;;;;;;539;695;;;;;;;4;;;;;30;;;;;78;2;;;;;;37;1;;;;1;;;;;;;;;400;64;;;;;;;;;120;;;;;;;;;;;;;;;;;;;;;;;;;;;;;;;;;;;;;;;;;;;;;;;;;;;;;;;;;;;;;;;;;;;;;;;;;;;;;;;;;
2025;2025-25;26/07/2025;02/08/2025;5;Viagem de barco;Barco Linda e Esperança;Rio Solimões;Codajás;Amazon Outreach;Bethel Bible Church (Texas, EUA);;Pr.Rogério Trindade;Dr.Jafé Carneiro ;260;69;13;178;44;6;8;30;311;45;304;75;21;208;1.328;;;;;;;;144;116;;59;;32;5;;;;;;;;;;;;;;;;;;;;;;;;;;;;;;;;;;;;;;;;;;;;;;;211;;;;;;;;;;;;;;;;;;;;;;;;;;;;;;;;;;;;;;;;;;;;;;;;;;;;;;;;;;;;;;;;;;;;;;;;;;;;;;;;;;;;;;;;;;;;
2025;2025-26;02/08/2025;08/08/2025;4;Viagem de barco;Barco Amor e Esperança;Rio Amazonas;Barreirinha;Amazon Outreach;Northshore Bible Church (EUA);;Pr.Mario Sergio Gomes;Dr. Djailson Rodrigues;312;78;21;213;53;16;6;31;710;124;365;94;27;244;1.583;;;;;;;;186;170;55;197;120;7;4;;;;;;;;;;;;;;;;;;;;;;;;;;;;;;;;;;;;;;;;;;;300;;;;238;;;;;;;;;;;;;;;;;;;;;;;;;;;;;;;;;;;;;;;;;;;;;;;;;;;;;;;;;;;;;;;;;;;;;;;;;;;;;;;;;;;;;;;;;;;;
2025;2025-27;31/08/2025;02/08/2025;2;Viagem de barco;Barco JJ Mesquita;Rio Negro;Rio Negro;IPM e Pastores;;;Juciane Seleguim;Olga Mesquita;90;27;8;55;40;9;5;26;380;40;130;36;13;55;;;;;;;;;;9;;;;9;2;;;;;;;;;320;;;;;;;;;;;;;3;;;;;;;;;;;;12;;;;;;;;;;;;;;;;;;;;;;;;;;;;;;;;;;;;;;;;;;;;;;;;;;;;;;;;;;;;;;;;;;;;;;;;;;;;;;;;;;;;;;;;;;;;;;;;;;;;;;;;;
2025;2025-28;21/09/2025;27/09/2025;6;Viagem de barco;Barco JJ Mesquita;Rio Negro;Rio Negro;Christ Community Church - CCC (EUA);;;Pr. Carlos Silvio Barbosa;Olga Mesquita;125;26;3;96;91;20;4;67;780;103;277;52;6;219;277;;;;;;;;132;62;;21;80;31;5;;;;;;;2;;;;;;;;;;;;;;;3;;;;;;;;;;;;27;3;;;;1;;;200;;;;;169;;103;;;;;;5;;;;;;;;;;;;;;;;;;;;;;;;;;;;;;;;;;;;;;;;;;;;;;;;;;;;;;;;;;;;;;;;;;;;;;;;;;;;;;;;;;;;
2025;2025-29;04/10/2025;05/10/2025;2;Avanço Missionário;Carro;Solimoes;Estrada de Manacapuru;;;;Pr. Emerson Torres;Kquinda Soares;55;10;2;43;36;7;8;2;134;36;109;20;4;85;497;;;5;;;;;6;58;;;;6;2;;;;;;;;;;;;;;;;;;;;;;2;;;;;;;;;;;;32;1;;;;;;;;70;;;;;;;;;;2;1;;;;;;;;;;;;;;;;;;;;;;;;;;;;;;;;;;;;;;;;;;;;;;;;;;;;;;;;;;;;;;;;;;;;;;;;;;;;;;;;;;;;;
2025;2025-30;08/10/2025;14/10/2025;5;Viagem de barco;Barco Linda e Esperança;Rio Negro;Rio Negro;Amazon Outreach;;;Evangelista Marcelo;Dr. Djailson  Rodrigues ;146;46;15;85;60;14;11;35;604;72;206;60;26;120;798;;;;;;;;81;107;;7;28;;5;;;;;;;;;;;;;;;;;;;;;;;;;;;;;;;;;;;;;;;;;;;;;;;59;;;;;;;;;1;;;;;;;;;;;;;;;;;;;;;;;;;;;;;;;;;;;;;;;;;;;;;;;;;;;;;;;;;;;;;;;;;;;;;;;;;;;;;;;;;;;
2025;2025-31;26/10/2025;01/11/2025;5;Viagem de barco;Barco JJ Mesquita;Rio Negro;Rio Negro;Calvary Bible Church (Colorado, EUA);;;Pr. Ivan Laray;;200;53;7;140;56;8;3;45;552;71;256;61;10;185;1.138;;;;;;;;70;102;;9;;16;5;;2;3;;;;3;;1248;;;;;;;;;;;;;4;;;;;;;;;;;;36;2;;;;;;;355;;;;;277;;;102;;;;;4;;;;;;;;;;;;;;;;;;;;;;;;;;;;;;;;;;;;;;;;;;;;;;;;;;;;;;;;;;;;;;;;;;;;;;;;;;;;;;;;;;;;
2025;2025-32;30/11/2025;30/11/2025;1;Viagem de barco;Barco JJ Mesquita;Rio Negro;Baixote;;;;Pr.Ivan Laray;Olga Mesquita;10;2;1;7;11;4;;7;55;11;21;6;1;14;89;;;;;;;;11;8;;10;;5;1;;;;;;;;;112;;;;;;;;;;;;;4;;;;;;1;;;;;;;;;;;;;;;;;;;12;;;;;;;1;;;;;;;;;;;;;;;;;;;;;;;;;;;;;;;;;;;;;;;;;;;;;;;;;;;;;;;;;;;;;;;;;;;;;;;;;;;;;;;;;;;;;
2025;2025-33;16/04/2025;19/04/2025;4;Atendimento no Musical;;EPV;Pedras Vivas;;;;Pr.Wellighton Gomes  ;Ana Maria dos  Santos Monteiro;64;12;10;42;;;;;;;;;;;;;;10;;;;;;;;;;;;;;;;;;;;;;;;;;;;;;;;;;;;;;;;;;;;;;;;;;;;;;;;;;;;;;;;;;;;;;;;;;;;;;;;;;;;;;;;;;;;;;;;;;;;;;;;;;;;;;;;;;;;;;;;;;;;;;;;;;;;;;;;;;;;;;;;;;;;;;
2025;2025-34;28/12/2025;02/01/2026;3;Viagem de barco;Barco Amor e Esperança;Rio Amazonas;Urucará;Amazon Outreach;Tyler Amazon Collective (Tyler, Texas);;Evangelista Arício Junior;Dr.Djailson Rodrigues;144;36;14;94;33;17;;16;199;55;177;53;14;110;751;;;;;;;;70;87;;32;;10;3;;;;;;;;;;;;;;;;;;;;;;;;;;;;;;;;;;;;;;;;;;;300;;;;;;;;;;;;;1;;;;;;;;;;;;;;;;;;;;;;;;;;;;;;;;;;;;;;;;;;;;;;;;;;;;;;;;;;;;;;;;;;;;;;;;;;;;;;;;;;;
2026;2026-01;24/01/2026;29/01/2026;5;Viagem de barco;JJ Mesquita;Rio Negro;Rio Negro;Stone-Ken EUA;;;Pr. Raimundo Wilson;Kquinda Soares;167;47;12;108;75;26;6;43;729;110;242;73;18;151;1028;;;;;;;;132;72;;;;59;5;;1;;;;;5;;1018;;;;;;;;;;;;;;;;;;;2;;;;;;25;3;;;;;;;262;;59;;;80;;;;;;;;;;;;;;;;;;;;;;;;;;;;;;;;;;;;;;;;;;;;;;;;;;;;;;;;;;;;;;;;;;;;;;;;;;;;;;;;;;;;;;;;;;;;
2026;2026-02;07/03/2026;13/03/2026;4;Viagem de barco;Linda e Esperança;Rio Solimões;Lago do Anamã;Amazon Outreach;Southwest Christian School;;Pr Rogério Trindade e Leslie;Dr, Djailson Rodruges;113;29;8;76;43;17;;26;352;44;;;;;;;;;;;;;36;50;19;41;16;14;4;;;;;;;;;;;;;;;;;;;;;;;;;;;;;;;;;;;;;;;;;;;;;;;46;;;;;;;;;1;;;;;;;;;;;;;;;;;;;;;;;;;;;;;;;;;;;;;;;;;;;;;;;;;;;;;;;;;;;;;;;;;;;;;;;;;;;;;;;;;;;
2026;2026-03;14/03/2026;21/03/2026;4;Viagem de barco;Amor e Esperança;Barreirinha;Rio Andirá;Amazon Outreach;Shweitzer Church;;Bruna Almeida e Shelley;Ana Alice Cabral;250;170;21;59;48;25;7;16;336;173;298;195;28;75;1044;;;;;;;;153;196;;189;;11;4;;;;;;;;;;;;;;;;;;;;;;;;;;;;;;;;;;;;;;;;;;;404;;;;118;;;;;;;;;1;;;;;;;;;;;;;;;;;;;;;;;;;;;;;;;;;;;;;;;;;;;;;;;;;;;;;;;;;;;;;;;;;;;;;;;;;;;;;;;;;;;
2026;2026-4;14/03/2026;20/03/2026;4;Viagem de barco;Linda e Esperança;Uatumã;Rio Amazonas;Amazon Outreach;Palmitto Lake Community;;Evangelista José Carlos;Dr. Djailson Rodrigues;201;76;14;140;43;17;4;22;602;43;;;;;;;;;;;;;74;103;;;1;7;4;;;;;;;;;;;;;;;;;;;;;;;;;;;;;;;;;;;;;;;;;;;180;;;;93;;;;;;;;;1;;;;;;;;;;;;;;;;;;;;;;;;;;;;;;;;;;;;;;;;;;;;;;;;;;;;;;;;;;;;;;;;;;;;;;;;;;;;;;;;;;;
2026;2026-5;14/03/2026;20/03/2026;4;Viagem de barco;Mãe Maria;Rio Amazonas;Paranã do Ramos;Faith Church;;;Pr. Daniel Carvalho e Carlos Silvio;Kquinda Soares;125;28;9;88;25;6;4;15;105;220;150;34;13;103;656;;;;;;;;156;71;;31;;27;3;;7;;;;;2;;1380;;;;;;;;;;;;;;;;;;;;;;;;;13;2;;;;2;;;582;;;;;100;;;;;;;1;;;;;;;;;;;;;;;;;;;;;;;;;;;;;;;;;;;;;;;;;;;;;;;;;;;;;;;;;;;;;;;;;;;;;;;;;;;;;;;;;;;;;
2026;2026-6;20/04/2026;24/04/2026;4;Viagem de barco;Muruaga;Rio Negro;Rio Negro;Igreja  Sal da Terra ;;;Pr. Ivan Laray;Evangelista Débora Mesquita ;180;50;9;121;21;5;1;15;104;21;201;55;10;136;875;;;;;;;;72;132;;;210;60;6;3;;1;;;;3;;846;;;;;;;;3;300;;;;58;;;;;;;;;;;;;;;;;4;;;;10;;;;;;;;;;;;;;;100;;;;;;;;;;;;;;;;;;;;;;;;;;;;;;;;;;;;;;;;;;;;;;;;;;;;;;;;;;;;;;;;;;;;;;;;;;;;;;;;;
2026;2026-07;19/04/2026;24/04/2026;5;Viagem de barco;JJ Mesquita;Rio Solimões;Paraná do Anamã Lago do Sacabú;IP Anápolis;;;Rogério Trindade;Olga Mesquita;364;99;40;225;123;28;25;70;625;150;487;127;65;295;2051;;;;;;;;193;167;;66;85;50;12;1;;;;;;5;;928;;;;;;;;;100;;;;4;;;;;;;;;;;;35;;;;;3;;;;100;;;;;;;;;;;;;;;;;;;;;;;;;;;;;;;;;;;;;;;;;;;;;;;;;;;;;;;;;;;;;;;;;;;;;;;;;;;;;;;;;;;;;;;;;;;;;;;;
2026;2026-08;24/04/2026;30/04/2026;5;Viagem de barco;Amor e Esperança;Rio Branco RR;Paraná do Amajaú;RELP  Internacional;;;Belino Micfey;DR,Djailson;228;79;9;140;61;27;3;31;656;108;289;106;12;171;1209;;;;;;;;102;710;;;;16;5;;;;;;;;;;;;;;;;;;;;;;;;;;;;;;;;;;;;;;;;;;;;;;;96;;;;;;;;;;;;;;;;;;;;;;;;;;;;;;;;;;;;;;;;;;;;;;;;;;;;;;;;;;;;;;;;;;;;;;;;;;;;;;;;;;;;;;;;;;;;
2026;2026-09;09/05/2026;09/05/2026;1;Avanço Missionário;Carro;Solimões;Est.Manacapuru - Maniquara;IP Manaus;;;Evangelista Carlos Silvio Monteiro;Kquinda Soares;35;6;2;27;10;1;2;7;35;10;45;7;4;34;203;;18;;;;;;9;7;;12;;8;1;;;;;;;1;;;;;;;;;;;;;;;;;;;;;;;;;;;15;;;;;;;;;;;;;;;;;;;;;;;;;;;;;;;;;;;;;;;;;;;;;;;;;;;;;;;;;;;;;;;;;;;;;;;;;;;;;;;;;;;;;;;;;;;;;;;;;;;;;;;;;
2026;2026-10;16/05/2026;22/05/2026;4;Viagem de barco;Amor e Eperança;Solimões;Arapapá;Amazon Outreach;RELP Internacional;;Pastor Emerson Torres/Mickey;Dr. Djailson Rodrigues;206;49;4;153;97;22;10;65;965;97;303;71;14;218;1345;;;;;;;;116;108;80;120;;35;4;;;;;;;0;;;;;;;;;;;;;;;;;;;;;;;;;;;;;;;;;;;;;;;;120;;;;;;;;;1;;;;;;;;;;;;;;;;;;;;;;;;;;;;;;;;;;;;;;;;;;;;;;;;;;;;;;;;;;;;;;;;;;;;;;;;;;;;;;;;;;;
2026;2026-11;30/05/2026;05/06/2026;5;Viagem de barco;Linda e Esperança;Rio Negro;Rio Uninin;Amazon Outreach;First Baptist Church in Tyler, Texas ;;Evangelista Assis Viana;Dr. Djailson Rodrigues;150;31;11;108;61;19;6;36;840;70;211;50;17;144;921;;;;;;;;105;119;59;111;;18;5;;;;;;;;;;;;;;;;;;;;;;;;;;;;;;;;;;;;;;;;;;;;;;;119;;;;;;;;;1;;;;;;;;;;;;;;;;;;;;;;;;;;;;;;;;;;;;;;;;;;;;;;;;;;;;;;;;;;;;;;;;;;;;;;;;;;;;;;;;;;;
2026;2026-12;31/05/2026;06/06/2026;5;Viagem de barco;JJ Mesquita;Rio Negro;Rio Negro;Igreja Presbiteriana Mosaico (Anápolis/GO);;;Pastor Raimundo Wilson;Dra.Jucilene Mesquita;178;45;13;120;67;18;9;40;198;97;245;63;22;160;1055;;;;;;;;123;126;;;30;61;5;13;2;1;;;;5;;574;;;;;;;;;;;;;18;;;;;;;;;;;;45;5;;;;4;;;330;;;;;;;;;;;;;;;;;;;;;;;;;;;;;;;;;;;;;;;;;;;;;;;;;;;;;;;;;;;;;;;;;;;;;;;;;;;;;;;;;;;;;;;;;;;;;;;;;
